Life_Expectancy,Expected_Schooling,Mean_Schooling,GNI_Per_Capita,HDI_Score,HDI_Category
73.97371322408986,16.698066309758005,7.86407817442921,4339.165085509657,0.6872644079968568,Medium
68.89388559063052,15.273901048738306,8.050488264802386,5536.814747320349,0.6805909384800521,Medium
75.18150830480553,12.678891109760523,7.833151115076722,8240.289749710233,0.7029574004243766,High
82.1842388512642,10.559189666883277,9.400166367693142,34629.78996082678,0.8074134380903373,Very High
68.12677300221331,14.59466994084077,5.3347907598349185,6297.5174796833335,0.6260147269517309,Medium
68.12690434440655,13.68045615626525,8.495169082388195,4746.481608167768,0.6679776618289138,Medium
82.63370252405913,15.185579660083196,9.917852515930432,21751.554258377997,0.797899817928046,High
76.13947783322327,14.405515405045909,7.911104393384507,5504.5107792021,0.6933601386696756,Medium
66.24420491252039,15.648658145958006,8.938173092151054,12376.695422341547,0.7165922811516099,High
74.34048034868772,10.894294365318295,10.327212848282363,11319.150224843937,0.7378017257324291,High
66.2926584575003,16.452182196902978,5.5437792183465735,4655.565876851357,0.6427996694954806,Medium
66.27416197143795,13.092798814077199,6.808812268723232,9922.96431962183,0.6423580265560331,Medium
71.93569817252828,18.0,7.478570256022445,4838.441955523879,0.6905009032480699,Medium
54.69375804273761,10.432436545731296,5.153396313465216,1639.116235347508,0.47336686976143444,Low
,17.707891409495748,7.988291143685111,3687.9655171167324,0.6116007255150702,Medium
65.50169976607222,13.093732350387944,7.56946476376946,9612.688712550405,0.6588152644596703,Medium
61.89735103732461,10.545745989156655,7.030909862513037,2759.464976095392,0.5471135765353293,Low
72.51397866076219,11.048342497837035,5.695883892681332,2042.8057123202098,0.578078041994463,Medium
62.735807395830314,11.538958075417039,8.481423932813478,5438.08547080103,0.6131671388203683,Medium
58.701570389317666,13.77249783920575,5.1853008544379104,4215.629739657849,0.570420756550428,Medium
81.72519015137243,14.068506464106498,9.896921763564183,27823.897994369974,0.8673991303644407,Very High
68.19378959610772,10.778899988184262,8.599320158470213,6852.6112485251615,0.6308784953251818,Medium
70.5402256375034,12.426936223217051,10.505814970258385,10228.268915875435,0.6952453259492566,Medium
58.60201451029235,18.0,5.069011142556413,5250.048247258567,0.6312062856800507,Medium
65.64493820379855,17.682629510302135,3.3481243507245875,1603.781409675334,0.5517459060729747,Medium
70.88738071767892,13.808971009022097,8.782260003252013,8082.252756244581,0.7008269726583556,High
60.79205138062158,12.614010434504602,9.995812937940869,8161.828892974772,0.6465696959353924,Medium
73.00558414676537,12.860093980154783,10.619089627021001,16200.125991410283,0.7599664346493799,High
65.19489048064956,14.340553918191251,8.137875980589886,5566.681303130236,0.6802721458707435,Medium
67.66645000165379,9.431622304404783,7.382519721750382,6821.347848194743,0.6314480344410769,Medium
65.18634710216483,11.727870387729965,9.033045547215744,2884.421891990154,0.6178091151060449,Medium
84.8182254760715,7.494247778367232,7.494247778367232,10441.743201943944,0.6632313962386354,Medium
69.89202220209653,13.697669367815838,9.101579318285912,11410.865230197378,0.7042554291972418,High
61.538312568352794,14.441587819108223,8.142802746952276,3983.974830643944,0.5782063851928712,Medium
76.5803592968255,11.050440613101879,10.779957976867381,16379.76084771646,0.7522848337296,High
60.23325080023182,17.221960289870097,11.367480154394435,10863.90445904756,0.7359752549208279,High
71.67090876003805,8.822703010992976,8.822703010992976,8546.029958084497,0.6681240125182328,Medium
54.322639008961794,8.10687535937054,5.755271242514167,3308.9353004590675,0.48493433269489705,Low
59.374511608812554,13.173355455679916,7.086579924769515,3142.815794660106,0.5745186460914811,Medium
71.57488988695299,15.641294907836464,5.93537292910068,5829.328094027617,0.6650836752194386,Medium
75.90773263996329,17.551783074373606,8.066858220162006,13232.41137862358,0.786116377268891,High
71.37094624951976,11.12334721139318,7.950589892772714,9047.24452795768,0.6873395633386218,Medium
69.07481374089407,15.736042500293888,7.502845052005399,5731.925545603511,0.6578275730592043,Medium
67.59117043528569,12.384474591497879,8.339472760284867,8469.733245992116,0.6779007072378865,Medium
58.17182407706058,11.98211810017754,5.746988990673969,4792.297535617305,0.5786189198642435,Medium
64.24124633284234,15.150979812460017,9.390495560927787,3492.062015196488,0.6385755322444341,Medium
,14.456968635240258,7.958097377255899,11047.28334804106,0.706876443372549,High
78.45697780975132,7.770823529047252,7.770823529047252,9598.870807075788,0.7075006378970515,High
72.74894631654769,16.929621049177687,8.238031483216346,11112.863035950686,0.7532961725531703,High
55.895678757098125,16.640274062442355,6.940267476640244,6347.1809043378025,0.6274686223739655,Medium
72.59267175515836,10.623311895471412,9.948768007620455,6955.949339518527,0.6764250307917876,Medium
66.91934175666947,13.687410600312226,6.729625687233985,4457.935842865083,0.6329321380497772,Medium
64.58462399755233,13.982090558848217,6.762980146093394,4829.08604191964,0.6339874307696742,Medium
74.89341031072695,13.282021297471722,8.531620194122237,7800.772397516626,0.7163485542588648,High
78.2479961799676,10.849084538463739,7.370953156386289,20527.843251581293,0.7179844541155098,High
77.45024095292959,10.485129896185846,,7824.946038152763,0.6913522342716001,Medium
63.286259814218894,12.423337787025664,6.8800198673892785,4193.263805491298,0.6218266389126429,Medium
67.52630099319029,16.018187057778093,9.414739890251926,9847.95044540526,0.7339893809551882,High
72.65010745122851,14.130800463783297,9.111854887650308,6580.87320055454,0.7236079743529444,High
77.80436101697887,11.388157003741682,9.626908189088782,12063.484806929619,0.7395040238921053,High
66.16660609723768,14.815096131945033,9.216339674920478,9472.010821802765,0.716604175646075,High
68.51472818668947,4.0,4.0,3668.158212828605,0.46722863887380395,Low
61.149320207951774,15.946297101116311,7.923615699847547,5416.257835592207,0.6320055388153952,Medium
60.430347007354634,7.280858663665701,7.096809011483812,3904.958313424451,0.5374002400354888,Low
76.50020657915358,11.412677175790604,9.578068313597873,7265.77601993697,0.6952227959665315,Medium
80.84992022856659,9.140990316121568,8.827852441010617,16103.822736361868,0.7235617664236713,High
69.42391902735733,8.615955572837283,4.672644545868235,9699.471433678613,0.5949521880512827,Medium
78.02826318313619,15.982480362135558,9.161972838696887,13397.013734160912,0.7954632089557303,High
72.89308820038107,11.096896396064325,10.881292788195637,15336.993934107692,0.7281129272613621,High
64.839041963159,13.539511645192148,9.17000813894147,10364.605894375849,0.7066455390675379,High
72.8911648440673,12.359238263362448,10.195036008174831,7609.629748372669,0.722423782421039,High
82.30429253172775,13.931122481669364,11.730711186516658,45834.127864618975,0.8731954661778886,Very High
69.71339168712039,12.730465673180767,8.498593388896602,9360.520663701956,0.6707581542115494,Medium
82.51714924651205,8.651023327434292,8.651023327434292,28313.16666489894,0.7547434374043729,High
49.04203916728204,15.48880045834142,4.958566856922319,1656.1541179670737,0.47652164636895183,Low
76.57522003500179,11.018730250516063,8.71491712015964,24281.527096707305,0.7569447175601052,High
70.69637654590537,7.830254304020746,7.830254304020746,11075.108647832345,0.6371755279200766,Medium
67.60794119627306,11.215654517102262,9.91877959930599,12250.850254413499,0.6689438439363489,Medium
70.73408621228401,17.002279371902933,8.278920931952582,9554.918910414175,0.7323627358670325,High
54.09944868319286,15.05066522634048,5.816649944706025,2799.1301629316026,0.5400801569066441,Low
68.2426248972999,11.454043596776422,8.189906925960885,12561.648710608804,0.6937321699528733,Medium
72.85690057209398,11.452226887044713,9.644638192044948,12297.062597512411,0.7126066095817118,High
81.82315235793213,11.535094846347853,7.652996058751543,5619.779019242331,0.7184030970667515,High
65.85383825381082,18.0,4.4581891607514414,2581.1938916507643,0.5792624832950686,Medium
63.5320511768545,13.64580635669466,6.798040866985165,4849.592094873856,0.6392289448538545,Medium
65.98594365132371,13.79012494157321,6.087244599287607,5863.629322743297,0.6307292948079152,Medium
77.3232169416166,15.590850362095527,8.516575736523023,11473.320270787122,0.7808855708644931,High
72.63000887727748,13.21636747707954,8.49393058704709,15785.992245875774,0.7395750598377547,High
65.7619183698637,11.72287356253789,7.211557590849123,2784.349710046845,0.6021352022431204,Medium
74.10613946490685,11.910950452745066,11.07143803749494,16032.873045336415,0.7586926222656913,High
70.77662039478432,12.285196221757808,8.983311594277597,4681.481341447063,0.646028821359508,Medium
77.74915992426311,12.388333290470475,9.780610730327817,19554.15206516131,0.8012703313969899,Very High
64.38357524898117,14.68288863091094,8.659339745942845,6880.5955251803225,0.6706764411149667,Medium
67.37870282721785,12.655837657421898,6.377194662594988,6765.363700794924,0.643017762808016,Medium
66.86313477494274,14.697920231646737,9.582243854123531,6414.451591175931,0.7094024178333231,High
58.29188041494305,12.257850259674253,6.881379219989976,7155.725412593664,0.5850435966554766,Medium
72.3689622165166,12.735905570948272,9.689996391843811,17412.57304511563,0.76077054614544,High
72.08844217743912,6.5053979464036775,6.5053979464036775,8890.735871355513,0.5911143537962769,Medium
70.04090765313968,15.248983024107444,,5773.132016869588,0.6639243351654647,Medium
68.12330293299883,13.539465427693978,9.401630838997402,11697.374071794244,0.7171661599635464,High
58.677034063596686,15.494030329578957,7.605858376777877,3659.9438760512407,0.5823674156916441,Medium
66.63483741787712,4.0,4.0,5473.183727202906,0.46162849207370343,Low
67.25828386778585,18.0,6.76649944222226,11673.757218470368,0.7441293278817045,High
63.581781846227045,12.081231115534479,9.317965998169399,11721.855826496841,0.6913836684857145,Medium
68.70971430667193,15.82454845021255,6.46104787749964,4562.859393510571,0.6557923665820006,Medium
,9.380282218623407,9.380282218623407,13107.05001986585,0.7055201510033428,High
85.0,14.338321715187709,8.849068898028197,9997.633732251197,0.7797704093177155,High
71.39662250265471,9.339753310479033,9.339753310479033,13171.148821935782,0.7132895851894515,High
72.06040312578212,10.628693117912585,8.154320661470377,10783.857180289317,0.6817778652035902,Medium
69.40443267387066,18.0,9.233313067487993,4506.372257265924,0.7103305081910176,High
54.64983027760767,11.92795279770996,5.741808630141631,1963.6317435720878,0.5176216575530177,Low
69.78788899640627,13.152298619539168,8.13035732046031,7315.960418476894,0.6695116776329942,Medium
70.48184167952822,15.110203192066262,8.519199764636967,7917.333374858624,0.7353554397620451,High
85.0,13.987045663917813,8.69671881632779,10104.30700713941,0.7561904363609467,High
68.46111228175101,12.951256715430729,9.32656999194031,10861.9537628147,0.7318919539658064,High
72.4123787386689,13.594883007398677,7.91966509893289,9750.114991895372,0.70441869237025,High
69.72230584235805,18.0,8.023776828072938,7440.929889119486,0.7220562295100811,High
60.65057569904374,12.327143608899243,5.78654502197248,2956.2834914100717,0.5269765357507072,Low
79.14258251612017,13.103297140144903,5.653609413741455,12496.795910495992,0.7088692920812517,High
76.01546426149419,15.651963188022837,8.835314067479048,22653.701196985654,0.7858734237389715,High
76.32825557634438,15.81657779887395,12.778313801580698,17614.059542234776,0.8275868395125656,Very High
62.724900361642085,16.06109091668114,8.703894475244086,5269.619400404758,0.6597177881614801,Medium
81.22235448748879,14.416190666087553,9.717791968897062,19991.171718293142,0.8317015622646925,Very High
58.785191497661756,9.070985261808548,6.659886735907009,3667.1824389704093,0.538986219991147,Low
74.69485675040217,17.400294596903287,8.99708164926633,10738.574564498273,0.7796607410545716,High
85.0,9.060963820943936,9.060963820943936,23271.99147445379,0.7531790305154403,High
62.075709398954494,13.407906395717099,5.677865904911272,1941.0140597289517,0.5329253818599701,Low
65.46961816317783,10.237172449941927,9.527836721584647,14404.287217717701,0.7082097844966646,High
70.79721092070113,12.307584960221023,9.568737283646001,10897.309894706777,0.7042538924059036,High
65.9721947670704,13.486287230910442,8.99394196061035,6791.192472133769,0.6971878789178475,Medium
57.59469255147094,13.464071646350819,7.5690767143911035,4462.460379606475,0.588698792325421,Medium
70.54850379844822,13.765762262705854,8.49524544235477,8788.494574389555,0.7047329830837897,High
61.50157029019116,17.341133807175943,8.389480288773168,3059.4925062016096,0.64701443353148,Medium
73.78873944508145,13.86060290454194,9.74236993402184,22267.430159917334,0.8018354409026006,Very High
62.644606126129574,11.767530094128054,6.986291668724013,5272.491226088034,0.6019790130814942,Medium
82.39947524014032,15.392261504865072,9.027534369471486,18533.033570854433,0.8143209578178323,Very High
63.7339736613101,16.068411466773924,7.8008612822501915,8956.260348442953,0.6850709090655894,Medium
67.4235078703546,8.817176554589022,8.817176554589022,5492.022232158339,0.6246841665972901,Medium
76.50813773895736,14.292200209549573,7.322315915194031,11476.55636250925,0.7497417424795585,High
60.15308546852836,14.603518226932696,5.0170823575947425,3138.905138275897,0.5690852273051468,Medium
71.81967947683303,11.607309489920024,8.865502799074738,13923.326931358542,0.7254567808958586,High
80.45714203425942,16.627120439934856,,6816.306278762557,0.800068249971853,Very High
57.14013412351018,12.04983323890242,7.116828591376834,4078.5301027438136,0.5735253050908733,Medium
71.47707086825844,12.876729360414627,8.943178301053763,7780.931324869393,0.7037216376801045,High
72.07906235398738,11.98078452714839,8.314684100526279,10973.848251185484,0.6798072438459358,Medium
76.25458297421848,12.546737142744403,11.38534511480934,20868.63850786267,0.7586202113074424,High
60.104394312975344,9.211174739314394,4.811171349842267,2547.3302198005395,0.5066226674866832,Low
,8.179847352217116,5.889616114268725,2910.344550187718,0.5062512285732951,Low
74.17553252493518,17.283515189674915,8.74618176276865,10246.407322361145,0.7584482081452533,High
72.3758773858655,9.959115955045016,6.2203220695726085,4766.781007809006,0.6142452902989199,Medium
72.00394280276701,9.525822951631078,8.376691529683933,13009.757342833787,0.6830573779732464,Medium
72.7715856759758,6.039829659188856,6.039829659188856,5820.578856959712,0.5856478078490126,Medium
64.55980222737207,10.583114756931494,7.778505999728591,1971.1505786661714,0.5561247380804882,Medium
71.85802957728802,8.530730619777504,8.530730619777504,8135.5770665739,0.6401663336955813,Medium
72.34457978638945,17.42604548040911,6.791102426607862,4900.198664778412,0.7102889011079915,High
64.28518865578906,15.529451268027902,6.789680526635471,2799.9288889647955,0.6054552753507874,Medium
84.92619608915805,10.435548964466829,9.62834896021306,11456.69474852036,0.7667333367864105,High
73.7906633672943,18.0,8.378306958940966,10426.813279924456,0.760666952654806,High
60.46957202237881,15.445296460974783,9.17881433519111,11238.05833437268,0.6787747222128525,Medium
75.25242886907064,11.525505849474133,9.866828055376162,14993.846350555446,0.7486908957839565,High
62.20254663818143,5.001782855379281,5.001782855379281,2968.369047027525,0.4668818235345036,Low
,18.0,9.525358387240761,15725.399856976725,0.8220065742896847,Very High
79.26876463205923,8.331282599709212,8.331282599709212,10268.198268370339,0.6833638097524198,Medium
63.43454145318631,7.563803759129325,7.563803759129325,4420.959682897996,0.5336909941191882,Low
77.70700903395458,15.567711296028921,11.69565211392711,12099.060829237485,0.8021891899313253,Very High
73.30224741549199,18.0,7.273628402117235,4115.035064580441,0.711136551129978,High
76.57648127995591,16.652818455531555,7.9728914867792025,8982.409929364007,0.7507475252719815,High
,14.19172736015708,8.313633211628074,16485.992792966863,0.7992637453792368,High
68.03689507197704,14.284263024995859,7.813397619976772,7008.198646351261,0.6928908630913015,Medium
63.970110685140085,15.060246676340924,8.375950843886312,5703.357313570468,0.6498729498284697,Medium
62.88388456299582,14.776785769360295,9.02706792244315,4871.304996502158,0.6275415056969862,Medium
63.47351772027649,13.343574271908128,7.502895590969395,7388.452032438235,0.643783921641545,Medium
69.38318632468717,12.812603311855629,7.846211074080196,4561.4979488551735,0.6396278132635259,Medium
72.72921579853315,12.312220616301433,8.955142884197087,14226.351028246374,0.7155688844387141,High
72.21352639464016,10.238106233399972,7.412908814911784,5429.43616462925,0.6336541806524708,Medium
76.61746599228819,11.657974769399678,11.657974769399678,13526.699610207772,0.7793156467858642,High
70.10401513502326,7.421129557413844,,3352.9474388419385,0.5495775212899159,Low
81.62827261725853,12.20498111961575,10.07250358241461,14406.65574505619,0.7877606992047188,High
67.88274533409636,9.534226678547247,9.534226678547247,13843.468314526652,0.710950360593307,High
85.0,9.189232048352688,9.189232048352688,21690.638537178325,0.7647407460591816,High
75.00533878212005,13.039682453460436,8.715582101352163,16299.988989418702,0.7560299087020294,High
63.14273954866974,16.676006859033798,7.040960611624728,6572.901825093844,0.656456196441478,Medium
61.4328600155111,15.254949818006939,7.10135567921772,3232.6251339352516,0.5919398211280852,Medium
73.85977932194548,7.788498189130469,7.788498189130469,8025.266944172893,0.6304948048996462,Medium
68.2122977173932,9.531115590288987,4.867682859092923,3451.5016835356346,0.5461658976402679,Low
75.71200395273674,15.322313563964649,11.385591026272897,28812.044014880405,0.8442849180617331,Very High
73.78590099658835,9.552537819385071,6.718372390915384,4819.745669219146,0.654091860414921,Medium
69.41736869874502,11.826100550008926,7.9301057499977805,11200.231046308683,0.6741409326354711,Medium
63.22565025545276,14.150156297073655,6.943211400206339,7537.827340058296,0.6410099420534756,Medium
57.88122220251309,9.594966635409094,7.82857656895765,10111.04282057208,0.597528689912717,Medium
,12.81612651843788,5.574159118190037,4143.783117318338,0.6075174147911904,Medium
76.85119035458777,8.497923515245386,8.497923515245386,15270.299403194998,0.7053194195158357,High
71.71274995304164,10.695897068146358,10.695897068146358,32388.389634943924,0.7878699981115928,High
60.03408977030409,13.459345802427611,5.159329765547275,2774.4460506628457,0.5162161063062835,Low
71.38544740680946,7.721018799404992,7.721018799404992,4445.086541535022,0.5621485773073898,Medium
73.0825390378307,13.821424213881198,7.776931417844771,4179.041782598591,0.6591196467565424,Medium
62.92914051039094,12.441086603219956,8.190327670536465,8356.538643985388,0.6652725180131334,Medium
,14.157469863251443,8.576297767831335,4369.380936182669,0.6499447334587466,Medium
70.465669747568,13.171742402193985,7.493650006141696,6592.887330123332,0.6261259764444553,Medium
60.85623761735501,16.592421289921532,8.034556941389212,6730.18775669332,0.6714151289017193,Medium
72.86229888278626,12.875673507943722,11.449998030614466,16416.822899958577,0.7774339196687708,High
74.48627621094587,11.211783376624242,8.651997457722556,12675.5296272006,0.7001163979465759,High
78.66440994540221,12.866892509096852,10.519366106670539,18276.973286037723,0.7803735337254937,High
78.43041641627923,14.129894087109165,7.471740533146761,17492.439919111777,0.7517046141509564,High
58.97864505634327,12.646580210977113,5.642782841534179,2501.47709952291,0.5414729686010163,Low
62.49739968067902,12.621775073611648,8.208297378502047,4723.675761917484,0.6100292551526987,Medium
74.12028213766928,10.394024936579733,10.394024936579733,10045.210652251042,0.7241915525324608,High
74.11028760729766,10.511297247347155,9.42665453605421,16489.620633633687,0.6872788480084749,Medium
74.12038149044838,8.29218418460092,8.29218418460092,14311.2657771325,0.6685299742522669,Medium
85.0,17.74873022956082,10.19893710813503,24595.79307163068,0.8679152732923624,Very High
74.56712408554533,8.768410293826145,7.072443289310863,13588.089603561491,0.6645063933252255,Medium
79.08452512144478,10.421284406612278,10.396916004106423,10422.289975903235,0.7322806654655963,High
77.63201410794562,10.344778203292407,10.344778203292407,30451.390570406133,0.7972199251868112,High
75.21113001044638,15.184773130833324,8.347200102003946,19337.870694185243,0.7511877116259278,High
67.47784604287723,11.615150965123917,7.392278303506016,8975.05540089671,0.656723539285285,Medium
76.07175376394613,16.243226218021203,9.527427796151608,26494.803104785726,0.8321140607596695,Very High
63.817398283699426,10.479528127268395,7.003008189983038,2808.758575898642,0.590528060284075,Medium
,13.336982486671406,8.073455215590858,6157.690538670326,0.6581718640676363,Medium
66.11709161736717,9.993958840220728,9.993958840220728,6971.990935116794,0.6573804250697228,Medium
70.65499311509058,18.0,8.108060622691873,11282.414431691606,0.7268566710485016,High
85.0,8.937204742911462,8.937204742911462,11164.83533222001,0.6941233680050027,Medium
55.06187845926601,13.429462130681083,5.6361127066591825,4233.947720625444,0.5679312542775005,Medium
75.4900815229961,14.401330642796296,10.175097740009438,24199.382118367183,0.8057226027780181,Very High
57.09827303048279,13.741397292354495,6.579956503830779,5161.618937411625,0.6067011574606908,Medium
66.22454507368454,11.944137023366874,6.972885851360005,6690.307325546672,0.6133284279851711,Medium
78.71160477573893,12.110537900799722,11.42734862149819,12931.444052967734,0.7885239772839919,High
70.5142401527637,12.63143441593733,10.5911133251021,8694.937323512513,0.7452803367570081,High
61.37804177656555,12.058993995114534,6.464729664579808,7515.168192701245,0.6177800496182115,Medium
64.27757032592025,15.391637350384729,4.913498512069506,5540.65049882827,0.6292683538219611,Medium
75.4367819914774,18.0,10.56368437373267,14565.574725475628,0.8178785811573764,Very High
64.1570669462629,10.8275246449765,6.671903294911543,4446.641422919995,0.5648472046827563,Medium
71.7316687166558,8.390591061262766,8.390591061262766,4095.0420244321153,0.6319997722866475,Medium
70.3645747192305,12.235153854946235,5.488593239739908,3675.818129917573,0.595030671257643,Medium
64.78719721915347,18.0,9.11335967374738,16698.254545086453,0.7612727716659202,High
85.0,10.088976296090808,8.383242106078828,9370.3346300235,0.7033038572478402,High
,17.4173504163322,10.104708440025076,14681.629268958823,0.7885097551321294,High
53.798859306739146,17.53310244222932,6.4772727185633485,5046.866675121074,0.621999046547342,Medium
71.49163451815542,10.839235274876016,7.148087013083684,4582.08477912206,0.6220975781439414,Medium
64.70570828185289,14.206949237555826,,6218.177272935735,0.6694493437309148,Medium
76.81946667836979,17.385189869385613,10.247813686839425,21701.0719117839,0.8355192320781945,Very High
63.6598340925384,11.36261677703754,7.798021770777458,6130.897063326052,0.5941303467302589,Medium
69.0821084682648,11.889258919692915,9.166472486900503,29308.01872056481,0.7574584055628661,High
74.03989823184365,10.754957258154068,10.754957258154068,7386.430018295764,0.6992934901388457,Medium
76.92604155336097,9.455729807921399,6.884762568836739,13811.370199640061,0.6950804642368078,Medium
60.39762874355379,10.552167364801978,9.67353431167939,6619.761370542265,0.62379855786948,Medium
67.32399011327242,8.82817919971323,8.235412719877509,10270.588195400795,0.6189731584321619,Medium
66.20043751071235,12.602250404777678,,6727.250702489485,0.6386937186058371,Medium
64.7733661394103,10.190080306824076,5.777333498120751,3513.1634959602993,0.5934999244880939,Medium
84.12363392224877,13.201357735372243,9.811155484504303,20500.759978254737,0.8268658378567493,Very High
73.23985368768764,7.832313061389118,7.832313061389118,4278.169568368309,0.6050402132580207,Medium
59.91292836531964,13.49264069664337,6.998227723272055,5928.641007694022,0.6290468401335046,Medium
77.34289557643821,15.000586884826774,11.547879864543606,20851.083433937147,0.8325067297606924,Very High
85.0,6.518793072285634,6.518793072285634,15264.467613880399,0.6744840575865245,Medium
78.25972208440918,13.622169709542716,9.373033228360018,21154.14608531597,0.7777555780682577,High
57.845040272367896,16.183006977419875,5.062814666064469,3715.5119241389034,0.584960997071296,Medium
66.12612741707,8.871076943926383,8.480583113985851,7913.839424627107,0.6437409728714735,Medium
80.13528919349298,17.517717160513108,10.946565788365108,13292.684181510996,0.8223076776385607,Very High
64.33864427504976,13.757057028098135,7.08949462248439,4238.995708279145,0.641754965280301,Medium
73.55055542516983,10.384964432724773,4.919745866079678,9458.583782666512,0.6337286730476728,Medium
76.19707242743469,12.332692767026883,9.442070911486903,22896.23341003327,0.7622114164080761,High
62.58455622737534,14.174980737565168,8.165254574885305,5613.480750803458,0.6576345433963194,Medium
69.5237971515056,12.728016174237235,,9337.068842618566,0.6938899781126443,Medium
44.06986127944742,14.116267977339108,7.142056641266922,1758.5716523448093,0.4771960749784205,Low
61.80489886932568,9.7379792207619,5.810007344845509,6719.706752920897,0.5702524218211378,Medium
67.97945478885472,13.008082472108233,9.17785873283824,11637.916739020202,0.7064492001222712,High
60.017734544281204,8.25885650928506,8.25885650928506,12283.65545323523,0.6163504969470873,Medium
83.05929043145308,12.1663218159539,7.299233475764593,8655.302412200095,0.7286619946650016,High
58.55886897631494,9.788277075605631,7.506542016036259,4093.4069682228583,0.5279878088969908,Low
66.47964410642413,10.2934101722307,7.221287546259388,6870.260240458207,0.6051555158625357,Medium
71.04592461828874,16.208279525631312,8.403226944542178,11625.041978504447,0.7580601996254911,High
81.53018631252893,15.773930361782806,10.305137082810976,16659.084461244704,0.8280131168121285,Very High
58.51310279056449,14.32741436272153,6.29072948869741,2793.216557506938,0.5579136740324768,Medium
79.30531001723968,9.223061705982264,8.503075083326344,18038.013565164,0.7079634847726759,High
70.0818644881567,11.550774650915594,8.46105236481084,11624.690184051358,0.6774204927753906,Medium
62.14793079161639,16.13929309993755,5.826882786699763,2961.466931267463,0.5671118688754737,Medium
73.69682779410617,12.925150740919713,7.214881641964961,14361.15797819596,0.7174252052785824,High
71.59247756458777,18.0,9.610157232185287,17558.653268143906,0.7891020169313434,High
65.19826498272964,13.679953518183115,6.100600745189572,5306.773540063861,0.6098292027029546,Medium
70.55841667992016,13.076147349470094,9.466478752954236,10658.8693257376,0.7184079757774444,High
66.91749122510592,11.572650607392497,8.723985886293637,9965.861090408225,0.6802045648055883,Medium
70.90813876200998,12.900622714346847,5.920266558255303,4357.633030936803,0.6597971993598594,Medium
75.29704539616837,12.042590490858368,8.019298469036721,10165.848322998729,0.6870036107892428,Medium
82.68813452916282,14.62432603006577,11.713740248070597,9933.150727645032,0.8285452830644763,Very High
60.097476009385204,15.370106950383752,5.739948824416702,5516.360666216292,0.6282184679775223,Medium
85.0,10.142031618476151,9.503393606535917,9906.156900944748,0.7345097846224501,High
54.38329760381998,8.506301139326666,7.219087052336243,7041.404227356006,0.5483276803220718,Low
68.78571923971533,6.99138388069011,6.99138388069011,5814.373462579018,0.5748090582363192,Medium
74.70653765187662,14.023973980737631,8.587476189158451,9815.481289989244,0.7359303185843833,High
72.24793494188026,9.189900181478379,7.773486900988168,6666.477379498042,0.66276591135763,Medium
65.01840384143524,6.041328221142551,6.041328221142551,4410.39633930111,0.5359540125001364,Low
68.3350219971418,13.665735813592892,10.808552135353382,20375.65812595736,0.7693063280319189,High
66.05599252272934,18.0,9.395006178900214,3153.812019655174,0.6632548827964062,Medium
65.2850819444463,12.48178726538032,7.962187047181092,11120.188168513223,0.649767357231222,Medium
76.7968167761682,15.015472323354926,8.003219430678794,12180.175841801982,0.7536939841207188,High
72.85612388772037,12.745488075642696,7.4970682566915965,5197.830130411189,0.6823536121123602,Medium
64.45672323791477,12.203331040426573,8.518577946448408,4563.890252099465,0.6035876418315874,Medium
77.19679900346601,15.257229448963306,9.891213211748948,28060.30302516258,0.8106766517958326,Very High
72.45839616701288,11.629176367434045,10.797405429461188,9318.37847452406,0.724642636570746,High
76.50289695071169,13.30217694221571,10.15602277288961,9156.13192655962,0.734090636268547,High
75.0370307353889,13.46509341858804,6.749823235606939,12950.381571865122,0.707721900612943,High
63.36803991262342,10.495728639070855,9.182086216099188,8496.891582630828,0.6380246871916697,Medium
65.51855167842425,15.476127048609568,6.36513526043929,3642.1961827090045,0.6045492927469025,Medium
75.9783488409861,11.975120729913774,8.541444952989805,12173.304612931048,0.7132725474039725,High
74.88296212346772,10.232764521521466,,8016.087798021423,0.7039716797111244,High
69.83278724828682,14.10952953071121,11.373435704470365,20736.597326067404,0.7613646826724879,High
70.93861906647025,9.804596054626888,9.804596054626888,16861.4049221837,0.6898354571610017,Medium
80.2213191663074,12.584543472107384,10.536642888661161,22073.910714104684,0.7994680801450601,High
65.26742888931336,12.47264301006739,7.557296538637021,7251.445163396914,0.6570345107197116,Medium
74.37677904936031,15.757686697494734,9.726971958644063,25300.823047746875,0.8077304628747867,Very High
68.38245878052885,13.924094698639859,9.537378192474215,9564.17485513535,0.7053016530683761,High
68.25855037418224,12.424919123764568,7.710024606566081,4510.196745316387,0.6366287450675833,Medium
78.79021481589751,14.953298897600861,12.147642811776183,25681.972857839388,0.8273484164138085,Very High
76.60333079190424,16.67062264705194,9.537505833815613,30612.935475183443,0.8452143452008551,Very High
76.50807708800511,14.173430919055587,9.927583884197706,9353.97690116446,0.7616263924912173,High
80.44383045723464,12.531057859530142,10.65214603294985,15851.034044122878,0.7877482740771594,High
70.16803073306207,8.564491302949522,8.564491302949522,10487.856468107948,0.6723366242601918,Medium
75.45562377035971,9.304659010773882,9.304659010773882,11996.399748879852,0.6883600879929688,Medium
67.51786594725235,11.584325886935996,7.176264133849896,4377.4989566520935,0.6332412690433623,Medium
72.59333081990754,10.671463393522151,7.873747067469859,13815.389561573229,0.697972701442204,Medium
68.95885556505853,11.939086091043663,6.6248313183494805,15996.019822174805,0.6782298858298761,Medium
70.77596771994175,12.669949774691322,9.152367972323349,10746.61916976421,0.712798825866829,High
74.76125620349531,14.089078263070192,10.139755499687608,9412.428324936327,0.7483620788042745,High
63.45423453413222,12.288503665822727,8.301167443323694,3511.365555116437,0.6239051613393896,Medium
85.0,13.959504931478605,12.711738650021305,33188.25044447921,0.876610721570706,Very High
61.951860948002384,12.693423244430361,7.425829285516715,8379.133339949158,0.6260693205159097,Medium
60.286491097698146,6.573600300938386,6.573600300938386,5364.544705622729,0.5466129005656004,Low
79.26488698800054,9.681993818543738,7.874235124351092,11507.671878612542,0.6940039958804421,Medium
76.33330155170349,12.067737332835154,8.579346632492816,8995.91078843396,0.7287538203791022,High
74.99295853641723,8.870915771476678,8.870915771476678,7284.399270607891,0.6927625461426207,Medium
75.02676407411424,14.299786189988613,10.276864855008425,19467.483146888295,0.7869731927781587,High
69.90202581722468,17.09225249703109,7.947292676570688,11541.258420983662,0.751503430048797,High
62.82196502811335,16.156285555091948,7.431236925586501,3008.7266407241336,0.6006209672349571,Medium
70.6064364655498,11.859671387209376,6.1959617558447615,11963.161275487284,0.6819242686904663,Medium
64.58270630790311,16.972178410549855,7.214380955738458,7296.0901227938775,0.6844279705118125,Medium
77.800957867342,12.946002371606335,10.67168968936072,28929.861951748208,0.8237132176159354,Very High
68.82354094798289,11.488742086645882,9.121632437917796,5347.237782442688,0.645587438005515,Medium
63.39602242565991,10.659792009377181,8.358521273151004,3802.0262444772325,0.5702930205923132,Medium
67.42891326677605,11.592590940535615,8.166130122784567,7062.033535352952,0.6608552848649213,Medium
73.30345163420499,11.335469544376313,8.807008934046863,12762.968567968313,0.6840180620879914,Medium
65.4902035775682,13.011248667126463,6.8683427200980125,11712.405758576919,0.6626438750412562,Medium
63.422236835468546,12.981721943149594,8.658911050560027,9119.385455465297,0.6803112759595672,Medium
71.94949769193529,12.509138060460243,9.265399139616319,9611.51625019729,0.7154117412301169,High
71.95973256886978,13.81081450923905,9.373196180253572,7142.520803429667,0.7398038429441277,High
65.94445459703095,16.071938824359023,7.124282287642344,9881.511413482573,0.7101778188701383,High
66.23169355505341,15.348662406323971,4.717788846799542,2895.9077505945306,0.5855732490620391,Medium
71.8563994988611,8.04530609465029,8.04530609465029,16855.618394203782,0.6726507457749509,Medium
58.415325268021405,4.838236595294136,4.838236595294136,2831.5927462212476,0.4445105216542868,Low
58.740289804987555,15.30295973371782,5.754671130533826,6967.7322408919335,0.5939836982214002,Medium
64.2524462299805,8.399363904753738,8.399363904753738,8969.407962610529,0.6050466202682155,Medium
,11.82570379432195,7.607071774477931,6754.467939417511,0.6420381894088745,Medium
72.48726052478403,8.989660921821923,8.989660921821923,8435.30379666975,0.6367938557435113,Medium
81.80284973559641,7.094058687259941,7.094058687259941,9895.74001077601,0.6596351349225141,Medium
76.86127698561616,14.124388184614364,10.248707223074655,17731.248958799355,0.7911240927681752,High
68.72049176029259,14.77746548090794,6.197525444434309,6059.066871243215,0.6343293223331788,Medium
69.84787033677848,10.770468797819841,10.199660418493018,8833.789054205912,0.6983600447918951,Medium
61.97976508289753,4.72687312356527,4.72687312356527,3367.6451404889494,0.4735116126742083,Low
69.85189491206089,10.861266655242552,7.828311680578002,8101.085633096285,0.6626088169202946,Medium
67.6907308886389,13.67541201620764,8.337970407650044,3317.050153353101,0.6295095236506988,Medium
72.58174848270471,8.063265293677613,6.045456968577085,8049.42331944276,0.6199253341510913,Medium
63.38215245158142,13.050079759337468,8.218837511410776,4342.577022619336,0.6333500869263571,Medium
74.15477211392938,12.454070452481014,7.354515391398419,5475.4800542617795,0.6723859288515655,Medium
82.26191130402063,14.237874498803265,7.842423927717173,6580.73883173484,0.7231758332757692,High
69.12991881234514,12.85874110524246,6.0120514781545795,2834.0086573708677,0.6012696977676979,Medium
73.21369377679153,9.580793177355334,9.580793177355334,6791.911693970809,0.691378126138228,Medium
75.5211519336889,16.089714504993474,8.118643141503485,7746.792498523924,0.7295298635922743,High
66.79023622491331,12.02441128091909,10.315419911864346,22031.44633879526,0.7668371272942621,High
71.79273985448333,12.418086381470204,7.811426587959552,6857.318204622279,0.6674766586360483,Medium
70.10073920625436,9.700196122780412,5.851051768361104,6328.302906866885,0.6080791114541898,Medium
70.78140878839065,11.17015324642547,6.818982394683889,8219.759792837807,0.6439087714572075,Medium
63.815921729156265,9.845591857919297,9.51162803750916,8364.962657535845,0.6466197000163963,Medium
70.19608139407154,11.981161820229731,8.189682500383583,8146.292921754573,0.6513468862416484,Medium
73.9839863299636,17.635125440427032,8.055647414859731,5940.74045307573,0.7215521890108388,High
81.60914886236033,8.384296571205931,8.384296571205931,24401.050398827647,0.7224281850713178,High
77.67416660868166,7.659315806369777,7.659315806369777,21563.1839514433,0.6980037557572452,Medium
85.0,16.913510982480826,11.87609822385369,13471.764504046549,0.8772181843933999,Very High
63.8612194968956,11.872028968544402,9.836095184466862,5542.780899359761,0.6553407014674955,Medium
76.97856509376543,10.49278178402025,8.697774842568222,10634.776300984497,0.6753197040049015,Medium
71.46673604590681,15.61971406218823,6.586936796385761,4726.285390882903,0.7010638994259112,High
85.0,10.683153380789408,9.579802258315086,22910.636555909405,0.8011445493329745,Very High
63.53361371715879,17.978029140640807,8.014454405933384,4685.387156010373,0.6565468362782554,Medium
63.282225262553794,14.533777614017808,6.1482286421905386,11153.913858033842,0.6632178472858044,Medium
65.20485883644783,11.036265775562892,6.388856688031174,8456.936696359699,0.6259760101450702,Medium
53.008834205521545,18.0,6.876741926987414,3777.7892745544386,0.5778602208396185,Medium
65.79395982655392,10.682855230989984,7.8222966518307935,10055.724930878088,0.6521201215999741,Medium
63.926938707570415,14.726286116027921,7.720428138025829,9485.332515597407,0.6674541304102142,Medium
71.20315029180966,13.397877741219476,7.4066350329670545,6207.678493094585,0.6664082479958757,Medium
72.73404780621728,16.405223868196394,,6906.703317282107,0.7149944852890545,High
85.0,17.184533590180557,8.813650283597543,17211.01332919336,0.821791844890342,Very High
77.60339070548841,12.5960124471973,10.647704501345789,23062.097619104738,0.8028856772819861,Very High
65.38477075470078,10.23974638896145,9.399046492649722,8785.623431421913,0.664676371268886,Medium
62.812682629213135,13.87991642881735,4.768240122148436,1992.1001851191934,0.5529446660683363,Medium
73.93535337205205,10.466853890743682,7.477976114357631,6361.253794819755,0.6673586373700382,Medium
59.43813434383486,18.0,4.887782238625065,3232.7988696359644,0.600379483057105,Medium
84.65167012683483,12.909605993248212,9.183164513609832,16869.714306346228,0.7920827562108935,High
79.4355209657703,11.404035346063674,9.407105561206894,32128.653505471044,0.8076565728548015,Very High
66.24659478316237,13.054040917594726,5.775123544431688,2869.052589396248,0.5646890363787632,Medium
56.29492376727298,8.458621131410911,,3865.7957163493493,0.4899823610970495,Low
80.8309789933233,9.585157884468046,8.193781421076547,23340.646769351224,0.7319066610291902,High
69.08368123797905,16.101241723833276,8.600942742655901,21206.6175192481,0.7816468588912843,High
79.90253049578769,10.529317163085812,9.692320165048898,13202.880115139747,0.7620970365935981,High
57.24457872964506,9.35926705195418,5.786743117551528,4248.691779337004,0.5350251277966377,Low
,14.109958257581859,8.089831286173474,8514.950914261537,0.6920698973458845,Medium
70.04194959774547,16.05711246398899,7.5850138248485575,8247.148228168573,0.69727748162875,Medium
70.37584475011793,14.6568599319952,8.037618704525071,7951.680072437787,0.7071473485201057,High
66.39947622816605,15.48814305741745,10.478115282827732,12113.62943610531,0.7368842191740984,High
74.98279945878,10.229614734291617,10.229614734291617,5018.346391853293,0.6915097268128859,Medium
61.45903656493925,8.23456799977447,5.425712532401313,5141.222334690388,0.5359964947337614,Low
68.86096411982965,17.00400095586646,9.507914321198319,10209.73416853938,0.7398768681497759,High
70.9623650536952,11.531960483473593,9.732578638180811,9990.515172818023,0.7139011824044378,High
74.11551067247,11.747500950634858,7.171466347567471,19131.3811380518,0.7333429804908136,High
75.69291902471112,16.484582425547174,10.311316748597623,10986.699301581966,0.7770329649516592,High
61.002863265297044,14.16869002820198,9.627241469454475,6142.397120182559,0.6535668416378797,Medium
57.727086634115025,13.867663316244823,5.243433186727183,7275.150391924976,0.5789718309871079,Medium
80.22141457518808,18.0,8.250315517501173,9077.729531159113,0.750364033793442,High
72.65851209583673,10.56944530885957,10.24551365176566,10128.630731113415,0.7136707372202034,High
64.01210770754757,15.283520384243712,8.08869589114418,6093.503743467523,0.6724084192497841,Medium
82.40921580418018,12.671039374691254,10.716320309360905,28004.219421330974,0.8376894996087811,Very High
70.92539707434287,13.305776836589772,9.021931473521889,10651.186857459235,0.688884527953684,Medium
,17.085405279237595,10.11816917809349,9682.257217886952,0.7951464629565741,High
70.54014785128088,14.02350726886887,6.475109549687081,5324.131726644907,0.622974145497792,Medium
85.0,14.114888237148898,11.770976559932173,20388.059925415317,0.8778535252692338,Very High
84.04272673954563,15.717522011929407,11.839512197387135,24507.818819278462,0.8633469628609013,Very High
68.00828681216741,11.405141811371344,7.816908301358047,8631.772758723238,0.6785820091928572,Medium
77.77256760763484,9.982370997982981,9.267492688195386,15808.592651483768,0.7500643740075992,High
75.16300759668118,9.3655724179369,6.722899657768158,4042.2249554817213,0.5988752362103862,Medium
80.94905246025878,6.6009302318719945,6.6009302318719945,15578.982796167515,0.6437418208374746,Medium
62.280612315359164,18.0,8.331759640414315,6918.926988165999,0.6919201744223339,Medium
75.48841167998751,9.19037490283495,8.965322876099535,20295.36304789885,0.7114251010905626,High
78.46739589479671,11.836239129242685,11.10261754718136,21628.51363397327,0.8007839812582053,Very High
55.930084108615084,11.669560100333237,6.210494246563899,5482.446294413726,0.554850897160873,Medium
60.5339318986738,13.422220093427303,8.110980716681256,6799.623405110544,0.6079548098480847,Medium
53.6861425779192,14.94721163761789,4.91284060131213,4549.907107464347,0.5237825426572517,Low
67.84474532444354,15.081420465079237,8.106041212621868,9307.690280112212,0.7063569053863495,High
75.7403380463677,10.750767684293184,8.82730917870987,11098.262017974403,0.704057994094488,High
82.01885641676823,11.998634858640765,10.1802246530736,45105.60705964091,0.831603297936256,Very High
70.5927582433582,13.3477398514649,7.916840595952947,11694.235043618546,0.7187192020049912,High
83.02892436457033,11.75392662144936,9.766262030240936,22372.639659955148,0.8200610888837615,Very High
58.95918833428087,17.322036728059977,8.314173357275964,3277.944310673716,0.6170093737349691,Medium
56.372940485158765,13.972924854914755,6.109606502361726,2113.362474313009,0.5292884916834986,Low
69.55561840882704,14.704633358149453,,6567.130203305393,0.6710947300034558,Medium
73.07252359151445,14.488643806002237,11.393078687289865,16156.39500574935,0.768331401225578,High
69.73844201524726,16.020421572455973,10.4407941598654,9045.36525132138,0.7480159760352583,High
53.46046319968099,13.04306467611112,4.47686154130329,2608.0049968832695,0.5144935066081554,Low
69.28703968389769,8.60950415613246,8.60950415613246,16290.835379088261,0.6847545690220146,Medium
59.56424399596118,13.699063855257926,6.393247123688327,5539.82293595612,0.5738251217486766,Medium
75.3573803906403,10.545929318624513,9.438116469873426,7892.0348437543025,0.6875118417669125,Medium
72.93278596877478,10.91414995475073,9.193270509773214,10422.252725002347,0.6905092469097949,Medium
62.480961709381155,14.25909205626528,,3824.440387868309,0.6125733510621665,Medium
65.88906466130645,16.214849214300905,6.7310392609771785,4866.54008634737,0.6610855834377986,Medium
61.52629182488839,12.563814730208184,6.347343440512217,3818.85883554633,0.6043676386019705,Medium
69.49856722181462,13.42649903779689,6.965540193395892,5617.912793452619,0.6471226284090419,Medium
77.6411385640099,17.606644833905712,8.069203315335521,6727.5875150531865,0.7457826710068348,High
62.11419162931565,13.222259538465705,,5097.19734075987,0.6348863212972583,Medium
74.03237212414275,18.0,7.810244671231002,7395.215610036653,0.747867181768785,High
65.75793905302048,14.196528936894632,8.914030784931388,2429.990687103659,0.635764281308316,Medium
63.657017341901245,7.217711722532547,7.217711722532547,12709.769921507537,0.6050837468228917,Medium
69.14375712036353,14.760024863313598,7.427170992388559,11107.033056617876,0.6898679236532755,Medium
61.71806142064501,13.643475154648334,7.765274121280466,4831.891500751481,0.6012722745216584,Medium
65.57080555722254,16.369258262248238,8.618024332321106,7503.039559578578,0.6741928645093537,Medium
60.416976859289214,14.519544053809875,,3434.832462689519,0.6155165095398251,Medium
85.0,12.084632048048679,10.31393290187413,41166.458364823935,0.8695726050784074,Very High
70.28210841577383,8.827105291131904,8.827105291131904,19816.40894781996,0.7211434703958847,High
64.40219593605931,11.872930228141925,8.451636941348104,7379.866809535144,0.6601102684552315,Medium
71.71183928587378,9.9484386373721,6.748927080813907,10831.619761002987,0.6734038804495869,Medium
69.10137560247337,10.758429650585832,9.595899168880713,10652.550339898335,0.682053771381854,Medium
68.23224320373421,14.265735213261829,9.518805440348219,5554.814835924096,0.6675756239158632,Medium
74.9133336003474,17.50971351305422,7.844670875773815,8172.291515614774,0.7617879651139792,High
76.06006168037844,13.684014589468944,9.184114154816815,13001.11987736882,0.7640721010946426,High
65.75599081911578,8.912350813894447,8.912350813894447,6537.258502530875,0.624854197678056,Medium
65.39345407484257,13.833808004660423,7.5332437596120645,5757.5275454811745,0.6534687720004655,Medium
67.79958642278685,16.089894459936954,9.745417442383438,9295.040434358536,0.7345531776079542,High
51.58463068211532,10.670651287041853,9.735964423782878,4872.821889561335,0.5808568423194521,Medium
57.878471502411585,12.097948499981246,5.766437531336916,3644.6218200815683,0.5703471725190511,Medium
80.9349941395562,12.544064584187591,,7779.540843034572,0.7272816318274375,High
83.15974170801027,10.14530506075328,10.14530506075328,14205.421518235355,0.7795769581908352,High
68.00771168354898,14.444841301531577,9.24326915971509,5393.582689481302,0.6885487716773057,Medium
,12.137155554176655,8.607195123766383,15783.237160586252,0.7304300826019618,High
72.49000123634829,13.758597331721083,10.878691143343346,5938.1026623495245,0.729929268236254,High
85.0,9.8375234665937,8.192091300415125,24106.81434434424,0.74690275858877,High
78.9565992914766,11.187625099029768,10.51416984952461,29434.690537652954,0.8173801492759109,Very High
68.97665926815387,14.667144073483314,7.368407881040123,6269.5215198356955,0.657112242170966,Medium
62.355676475196596,11.381500543724698,10.061748036334535,2870.4796761265848,0.6036359496324402,Medium
57.14842943793942,17.680891553700214,9.846584562304908,5532.530789284641,0.6445418807442455,Medium
71.62770908693778,11.301091443156192,7.445340208757512,7756.106365839098,0.6728155275314459,Medium
63.949194037725576,13.174054177255657,6.849567580664198,3573.0098351022057,0.6004579648488053,Medium
58.621970323218605,15.29777249561927,8.324018269255935,4391.359748430279,0.5961825502352825,Medium
64.82741692605978,8.244902801200904,7.198594056442902,10774.783964301672,0.6177905737820046,Medium
61.34761597108484,7.217573564057672,7.217573564057672,6650.927106026872,0.5537415820841111,Medium
83.49713308058051,7.923031056289716,7.923031056289716,9494.940301980334,0.7009820794254003,High
77.0531180555956,16.287752310281547,6.366864432374988,4438.690676434332,0.694022563125292,Medium
69.93621886946706,10.844425562322659,8.37158964519469,7497.91510226211,0.6683946571665398,Medium
81.83955311112021,18.0,8.786154712238163,13441.774270529746,0.8091256293164766,Very High
70.61894646118094,10.807257204027835,7.734589341742054,9734.445284815974,0.6609869029580149,Medium
63.10972638937389,13.05365390959111,9.738615171928089,6444.966041151273,0.6525996646868188,Medium
82.18499261815725,17.126329857703627,7.977438772759985,16132.89042695412,0.8295985419725099,Very High
74.31128034947727,18.0,10.137161422059238,28769.95934130022,0.8680245559449526,Very High
61.70203076538835,18.0,6.985799296348889,6919.864960519909,0.6580428726049836,Medium
68.47729057533114,16.125098691779428,7.797634616295984,7255.400829559372,0.7152327449907717,High
62.995053972921944,15.572187577434388,8.744964320828199,6363.199644719417,0.6372318741989302,Medium
58.93760215228531,14.277580847603549,7.582589200127572,4239.595795529285,0.5859261096928159,Medium
77.40942038025312,14.835083228499913,10.145049941459671,24110.209763571507,0.8044660283586609,Very High
85.0,10.8464428510144,10.8464428510144,17606.810198358795,0.7826888118529289,High
58.81145940944687,10.045403349733078,6.56041255435864,4249.724104111614,0.5283806955604605,Low
74.50375389352456,12.489876627767144,8.022095365461322,9936.236649914777,0.7161562903424509,High
64.79485944702539,11.989446132425215,6.147657343806349,4077.45909404093,0.5889640473982988,Medium
66.10299692988244,11.140315852018174,6.694243836617459,3292.064759996215,0.5898913099490947,Medium
65.26084860608904,14.589162342370146,12.254943470693771,14441.557493552691,0.7625748659101572,High
63.08807384256147,15.365915625711532,9.437588232212557,7440.993097693861,0.6879376461831354,Medium
70.38817302355862,12.765220658875542,6.419969213515002,7931.666871756741,0.6726801753478793,Medium
63.3523990687117,16.932590243165784,5.618600953130048,3510.2620898397804,0.6167184866711156,Medium
72.16365460623871,9.074932657599485,9.074932657599485,16917.68159863548,0.6835173010492563,Medium
69.59809512440691,11.919021622160846,9.172668610995778,6694.988792684041,0.6916263818786794,Medium
68.08841562506872,10.349533038191584,8.993935627984293,17282.38550361162,0.6878497188927423,Medium
62.739490703667215,6.90039014878082,,2554.427856220901,0.4998706237234472,Low
65.38582935545334,12.251957942471902,7.65811813265005,7616.398658279652,0.6454075086981196,Medium
76.04312980660605,12.134757474850149,9.616994863031762,15905.920775792505,0.7435372789680347,High
74.00733750099505,17.040349229726395,9.0097200095594,8050.815537580101,0.746246223929758,High
62.17955804161159,14.392435053664332,4.132596405872088,3931.7085568952957,0.5835238103482321,Medium
,9.427439527012385,8.150659567349265,14273.968043587169,0.6838024179764907,Medium
76.01109698697431,18.0,7.844221987046447,4147.867566615576,0.7039414300894993,High
56.644757751029026,16.16310108657606,7.060188058486251,5043.807044086816,0.6040299708534829,Medium
74.34688153903949,14.246293110405848,13.399514288589852,7994.380023381977,0.7914762705115065,High
64.69900992843323,11.820547703450504,8.315103689623443,4670.213323507366,0.6304196018326353,Medium
74.56478934874528,9.621682289829561,8.477480192590836,20047.90921610468,0.7487637595539447,High
63.89392674765986,11.383379671786841,9.049973462685061,5887.226459137579,0.6533708711486584,Medium
55.560943194683844,15.766245859112558,7.391345014175879,2595.637666071266,0.5861057044548842,Medium
56.9796604969347,18.0,,4105.843482267868,0.5998521020089845,Medium
70.38467957329105,17.129730584816567,9.356437438618432,23063.702353426175,0.8061236494388662,Very High
72.07778001377186,11.033451734641178,11.033451734641178,6670.539777949579,0.6990382733676296,Medium
62.76546699916473,9.141147700132967,5.835523386910894,2879.64765418154,0.522779333856934,Low
75.108739670219,12.922658740733612,9.72349687564346,23431.73997465389,0.7840542570051539,High
56.70783950184832,7.194681903311445,5.4153690452494905,6793.352736261261,0.5295428117648594,Low
69.47136161082146,13.469503142554345,9.169832362811949,9072.07986271886,0.713792696485215,High
60.31187040190035,12.057192241103994,,2430.282870602726,0.5279910485849871,Low
64.78531113758272,11.101890494395274,7.1481871161023,13386.17736543048,0.6642618236828384,Medium
70.37918937053131,7.715890798199614,7.715890798199614,14918.064665728278,0.6417640979682516,Medium
63.11669307772838,14.040800319709149,9.037728248344468,9432.399107003484,0.6836136758438488,Medium
66.9235556461614,10.901897481014267,9.408508343452988,6394.909343693264,0.6492847116775995,Medium
78.05034247371552,8.990249492869136,7.497465032176285,10168.212559895168,0.6746216739202875,Medium
65.38486504381481,4.0,4.0,3467.712970492577,0.4619864738008236,Low
76.68553689652113,12.41745528484809,8.137894645458775,12338.0861782243,0.7155550821025591,High
60.962345162739055,17.816754790009234,5.427724053515685,6857.189821564721,0.6771016443473872,Medium
74.23843342332226,17.48377764364361,8.583086435162116,14894.795247510076,0.7593052280562951,High
81.5325489652632,11.128711230241183,9.321181693147855,10183.548263580333,0.733805393413579,High
50.226843998981686,10.693363818914658,9.667296009396086,8182.612387418808,0.5820587848919182,Medium
63.624837956236185,13.90632276822507,8.284420292789386,7427.238637085629,0.6701429774118534,Medium
74.61657701744431,9.504843682435126,6.887562990961962,10857.635538022267,0.663188392362775,Medium
68.37563691165606,13.405375699458398,7.3579154231423125,12398.479630707378,0.6934405181448782,Medium
72.96916698697046,14.798240835154072,10.288374981580553,8245.235743724026,0.7487670177118966,High
65.16811850627343,16.180799671652924,10.952838380057699,10252.94505541643,0.7308080848318969,High
70.6927182997832,12.199537770560141,6.104151227617045,5068.243544279593,0.6515408679795671,Medium
68.75458211686336,11.888978749469102,5.430663276315036,2800.7401652866392,0.5905341065628534,Medium
79.34225649327846,9.866052239730317,9.866052239730317,17895.09777018169,0.7686351082226831,High
72.03536674640971,10.019358937880419,9.22866527562552,28863.614927125946,0.7231777953697622,High
72.70082129660162,11.82056332429542,7.421659457777644,3964.9585210017262,0.6366432569497282,Medium
66.70498427102027,13.602096520448534,8.806541741706084,7913.048523200814,0.678434680102688,Medium
66.09915020742005,15.24075387869975,3.978276416365089,4899.67739796558,0.599200386298379,Medium
66.53953449744303,10.090463147958966,7.989807399588904,7400.35884436673,0.639084012113184,Medium
73.15561713902638,16.978065706878567,9.270405815947793,10631.05099339693,0.7582343939269388,High
66.6321241534379,11.686629196872294,9.382260107719292,5181.95375497617,0.6582925683728921,Medium
72.3181988551713,12.435898116954691,7.157339934181749,8599.36499315477,0.6652815227740256,Medium
,10.25836496255653,10.25836496255653,15306.749495117887,0.8068013755605115,Very High
76.96899762745353,5.227279219181176,5.227279219181176,2942.1124007349454,0.5095108474608779,Low
67.39181174265727,15.15213618908315,8.470093042630348,12632.439075371396,0.7242677579708747,High
79.60971137731156,14.7105316912773,8.210145881732851,18020.488963600124,0.8007528039330043,Very High
66.73539701582759,11.65601732864536,7.396096383158978,6630.892760877193,0.6295307117738849,Medium
53.69500371857717,12.700972151674616,4.949677354043917,2927.434224673828,0.5281898395368082,Low
61.935309512660766,14.047817653112299,8.408941504254777,9590.044529862389,0.6496458130693152,Medium
55.03366463179316,7.8123624293403715,7.8123624293403715,4735.946179550156,0.5530526039107471,Medium
67.18789212766953,10.912841967961116,7.710616200384222,9953.854450196635,0.6564441092540129,Medium
70.14734703351641,14.88279403886548,8.47503863646201,7771.020680610408,0.6978125973563617,Medium
83.41149849820226,8.737131730492251,7.836492697833956,22850.47856879442,0.7343646930973367,High
72.6154189901133,13.380673796499888,8.264335306803414,10642.187629072476,0.7296123452225515,High
68.24719576952909,8.430254586129784,8.114356566780872,8305.407546259246,0.6212519667964393,Medium
76.63524464946791,13.899289947300579,13.127418994481111,13718.467539449313,0.7998123564540304,High
52.31091752793692,12.393075553107549,4.609359564691185,2693.570666034109,0.4941713009840131,Low
71.88491646486852,7.654604552283471,7.654604552283471,5947.9706577522975,0.5954331215990109,Medium
76.16692155109574,15.994218063371514,10.6353187463302,11928.211448783319,0.8202371528100443,Very High
58.171310033761266,10.296225269605852,,3330.670525261827,0.5407264487917569,Low
79.15003234565543,10.069242688956857,10.069242688956857,10403.46002395617,0.744880260224774,High
72.70797125995531,13.10170759169283,9.283114760104931,25608.884617289354,0.7736307292986355,High
66.67769668879359,15.945912048286147,8.585062396157124,13192.487948536067,0.7134281984661367,High
75.06225492885028,9.45253454306481,8.927789611935715,24582.88233822811,0.7333660785122093,High
85.0,12.685039549543914,12.035353323627941,16583.192985915877,0.8465602432030537,Very High
71.45493004046796,13.786449500991719,10.21929545557248,12327.564125611047,0.7440223787966077,High
71.98576469040269,14.579316821789433,7.699775831604003,4999.0037035680125,0.6966362397723741,Medium
66.32511280367805,13.029324665831675,5.9801427445432145,3911.7807064489766,0.6204165982669847,Medium
63.20124504428166,11.398916482750034,7.279678449220314,3838.169256538521,0.6032441753513741,Medium
76.64268653235396,10.017229338053841,7.997064537286005,17345.714369573372,0.7108619401938358,High
63.15132939272906,12.758431649139125,7.482872665204455,4865.82814032191,0.6011094655359505,Medium
70.57252989775515,9.28358296404318,9.28358296404318,15410.284250552362,0.6859270710663171,Medium
66.17874042587907,4.0,4.0,4860.020684087523,0.4699913113258524,Low
73.83183860597113,13.809679412473002,8.795585560749172,26744.03880806477,0.7874437473697167,High
72.66929684229558,15.211804523258586,8.807349723288063,5631.3058711322765,0.6743824395379918,Medium
78.3003195540632,5.411202693374484,5.411202693374484,12674.99560968542,0.6007535548203609,Medium
65.91986880916203,9.470807885870187,4.540050256122535,6479.370495979209,0.571625988181913,Medium
67.84100051765303,14.357462783015594,7.230869619970418,4486.907221083517,0.6426379785831244,Medium
62.169890273741544,18.0,7.777312371268194,8571.90951989462,0.7112385864111493,High
66.4456539193911,12.562381123026224,9.773596904967224,10491.53140358744,0.7035168869182694,High
73.01840394435882,10.315991176312597,8.024354802063751,8378.28797855496,0.6907812550993664,Medium
76.05590893316281,11.95131067668548,6.311880012916726,5764.329752630931,0.6559645865787979,Medium
62.622677406578994,16.624629257444553,8.444288457738683,4836.306479651153,0.6725798570636261,Medium
76.95684736084529,10.562107462626393,8.28177810006299,25348.26203159528,0.7717583795610149,High
80.8451028704396,10.102423980049238,7.91691235581721,12352.504262271044,0.7381254845417289,High
73.3074792257896,11.051769433453902,7.860379422524917,12384.588095366404,0.6813624323557448,Medium
85.0,9.640014175223863,9.640014175223863,13761.668668069204,0.7557598096001152,High
63.80968640717141,12.868010947984386,6.7500453720532505,3838.945826738326,0.5951104626776863,Medium
60.042762373508666,17.37403537540868,3.8967823991724364,4532.467528774963,0.608614627879703,Medium
55.77023800876577,13.469237819348088,8.038027856382591,2688.350840613308,0.5703667246077216,Medium
81.96835449191346,11.742939493621137,11.742939493621137,19420.599207756724,0.8040067370547995,Very High
75.23492525083246,11.624566193253369,10.005474017109155,13681.900090400452,0.7465882265620105,High
69.55532263271635,7.810427573910029,6.6401102102887375,6787.096246343672,0.5668029452941714,Medium
72.23974901055857,15.149329331441477,8.366532580345751,8716.146756042062,0.7456350808466147,High
,12.266488408961594,7.3097485417493715,5970.785059920017,0.602946257974237,Medium
85.0,11.958560259228124,11.098191584342864,31003.985508025435,0.8482032168084855,Very High
71.03376945580182,18.0,9.52656306777334,14245.413248455437,0.7787805702932288,High
70.87515835683914,13.39625872509706,7.403758304652952,5173.209440908699,0.67814912911451,Medium
,10.244626849714447,9.219729293563086,10954.906033681917,0.6691503832160761,Medium
73.84807385389371,11.22092721138337,9.547689469390106,19225.283089078705,0.7453904052088297,High
71.79107219423305,15.945337127590264,10.798662146528116,18945.109148623895,0.7956750240963635,High
63.6762043564375,12.839811231613293,8.697904332509584,4034.3079069107025,0.6169291151019114,Medium
73.77174685708796,8.1851660650479,8.1851660650479,11150.467945139635,0.6913306773861139,Medium
85.0,15.25768680372561,10.32573994189404,9485.986578236376,0.7950087950927925,High
80.76336036923982,10.495567743383019,10.495567743383019,18465.206990385468,0.7905308144746748,High
82.74549301311518,18.0,10.544103355513066,42215.47042320909,0.9141395085618059,Very High
65.91027458855052,15.740144197143945,6.617601085365707,3827.2203420928954,0.6537179286984054,Medium
62.08316143793135,11.158034313023746,9.555034327739548,5339.313621971504,0.6152755324414615,Medium
68.99370463920282,16.343049085205337,9.326099465512879,12890.875545486526,0.7397594977527336,High
70.44579929830955,12.70356653158221,7.788929884104423,4311.541813439356,0.662986091693381,Medium
78.75353214776759,15.05832102536666,8.731184406633245,9963.831197017424,0.7702200922145084,High
56.46028296228145,13.954198451883425,7.220097273184916,5324.118114179338,0.572726066807579,Medium
82.2364025556849,9.96093003502738,9.96093003502738,13764.956651729908,0.748783494776468,High
68.73593681136809,10.569350503047614,8.54425081581098,7605.957493636195,0.6629200198236141,Medium
66.58495144042064,15.589882452743485,8.457157183014804,10194.93104315463,0.7225867364296839,High
61.90316499791866,11.495674003680378,9.97831586161481,9334.685944123146,0.6501900232310885,Medium
56.76114662507385,11.28905461027401,8.41865232336119,5653.166287419253,0.5457504382744726,Low
76.58536467169532,9.634632261951941,9.476197147500974,11489.573458237626,0.7218607293885798,High
70.58654373750723,13.770797196780382,9.88235111965209,12757.043935405563,0.7220507397982665,High
59.68031280207157,18.0,5.612851680957279,3567.5957631011333,0.5792900410214799,Medium
59.63936982349107,9.297401257237182,7.753614953739142,6196.4961858441175,0.5388105583504968,Low
67.31372240567897,12.572658370018274,10.791606213281142,9068.0907398015,0.7178521742769137,High
83.35217220231515,16.736661666246288,9.675191821189255,16520.18212482223,0.8416266726501332,Very High
67.92326918909116,12.261075826262855,6.879341409762311,4242.249126750964,0.6162126062590534,Medium
57.974856375055154,13.857115388749202,5.978849432117027,3647.5778582515914,0.5910830425694301,Medium
68.03405548731244,9.31281941555936,6.5296371024639095,4343.377018624936,0.5948787776562376,Medium
67.81821144201864,13.784921291622945,6.96104251085068,4069.4626970033933,0.6569345996664214,Medium
48.42490685646743,11.938567204986354,5.255226674891048,2511.7744502271507,0.4552102889283561,Low
69.5656410678575,15.45718998703959,6.239526399374936,6658.506658645846,0.674981243764267,Medium
68.15252375833057,16.062158154694252,8.201730351924073,10609.551901345896,0.6972450603997022,Medium
75.56965091850735,18.0,10.421773870900852,12253.92888117376,0.8038869696010298,Very High
84.79164875956276,14.238899519640727,8.81336358092715,19475.092613920326,0.814174131885765,Very High
79.01252023638206,13.4773889497465,11.7604283138285,25460.514636522566,0.8444271444239733,Very High
67.84889047556136,13.083152904732009,8.908054989858755,10178.911821553098,0.6982670146550671,Medium
61.14779273006664,11.440501121567936,8.883606006044083,4666.623813139396,0.6181161870668068,Medium
85.0,13.515451530385073,9.213248169221794,18802.2649625323,0.8248245368606874,Very High
70.4737474721159,11.61379576958291,9.738637537253831,12399.378729702054,0.7475959516412038,High
70.11143433530357,13.005382928808842,6.775471269643458,6793.010199225289,0.6559821750032372,Medium
69.80699930311998,16.452792606823877,9.71221116762916,4512.111857218219,0.6867393947993877,Medium
71.58467808614284,9.480372304161076,8.847920380027437,10454.32481883762,0.6813368839887869,Medium
68.84511670460846,15.919635683387137,9.09129083453019,22081.837325236364,0.757999853977102,High
65.41070394495812,16.451345202019596,6.085892564957696,4382.156943631141,0.6631094532334927,Medium
65.62512847007686,12.145794419026764,6.532410652994316,4079.11730676201,0.5978569017348969,Medium
69.73797383827201,6.134435302974216,6.134435302974216,7037.608381245446,0.5606266116607708,Medium
65.65260183092988,10.676534038716703,6.455790213375284,6120.65189993092,0.5996897270042215,Medium
64.29723373858269,16.390983639683327,8.410477486778607,11054.081869913212,0.7197385562867147,High
70.85144182153518,12.431395813103354,6.451466308893853,4018.364897002593,0.6230137526028917,Medium
67.96018226063316,9.502093303115267,9.42748319027598,12395.414316336823,0.6676105243328716,Medium
82.0319439086615,10.985675236315348,7.9950482968866154,16592.46283881423,0.7746027007533595,High
48.792241532855904,15.021860079513658,6.683518890461992,2690.1678814442284,0.507633913264736,Low
78.7320548153797,14.140200704604137,10.386292978314565,18820.482803024162,0.8089255015617167,Very High
79.96868153998103,11.783203702490917,8.551084057153362,19795.16238442256,0.776816035765158,High
,11.399526764555937,7.282585227515266,5312.559758180354,0.5322653322242518,Low
67.25849924735721,11.324725552868534,8.461683304683199,4926.503276146975,0.6416404187652759,Medium
67.02847307203366,9.732769446504491,7.235153984354932,8905.953772236784,0.6149525379794429,Medium
58.73990644225743,17.346127068408325,5.535956746956579,3477.6578957273755,0.6094669457041393,Medium
63.777466499273,11.53303859236598,4.70935744240389,3970.5182849984103,0.5489062368169486,Low
61.11539323627337,16.151475562476488,7.858322259302344,5725.25783876392,0.6605387359684499,Medium
84.01816354738898,17.063948155767356,7.734975468643595,12847.129326790226,0.8251806914310328,Very High
77.48542714517968,15.49493269444388,9.441267556583524,21857.29950387523,0.8253570333432185,Very High
80.17244075995328,11.205139061845856,9.225520567071019,14146.726471250513,0.7576680032173183,High
75.77337651234588,13.711190271009828,10.111519344638799,8953.90036076005,0.7443688833103727,High
60.967585830262166,12.427413180827251,6.863042050396663,4067.353407049278,0.5785781386021818,Medium
65.80383786976181,9.788894417809615,7.40228886485078,6727.606622578705,0.636848009525858,Medium
73.91499648982334,13.47307784516481,9.967605635211243,20814.947108410444,0.7684096121286516,High
60.22297752886443,8.962880626520592,7.729344347089908,6697.962316109422,0.5683719839861221,Medium
75.7039874413791,16.06303816538469,9.558712428739659,9152.224563985337,0.774683810389786,High
68.07739681473493,11.10614810810482,8.87318900248098,23112.992623635444,0.7043320008057906,High
67.00143353960323,13.103478967618518,5.736813839941728,5690.136646115663,0.6115542380272179,Medium
75.68767974562793,13.349863614638426,10.217704589455824,23631.105986966122,0.773717918803846,High
73.55410649188832,11.723285078887768,9.745195970047002,11421.557777582984,0.7193407077228837,High
67.11227067344736,14.260081404425824,6.528447787948936,7165.991366032301,0.6584181942869841,Medium
79.27463842691398,11.075289030132426,9.146835900718376,19512.26115222726,0.7670940027055517,High
61.35149337920082,15.113891892371733,7.303218274062651,8407.003277417773,0.670400502251061,Medium
74.92748485555411,8.462060959259755,8.462060959259755,16144.841409574728,0.7028377972917212,High
74.74481006374707,12.879138738639236,9.47016715750245,17312.711443610242,0.7586331958393373,High
67.52362848548808,18.0,10.249885591005343,9066.96879095576,0.745300314317064,High
72.60906417793694,9.499006026183276,9.499006026183276,8959.906353199756,0.6909584058323108,Medium
59.991091388917575,10.466765088425445,5.230602176523,4093.996806450329,0.5624852554903126,Medium
77.39221615365521,14.041723548976744,10.220170923897697,22069.801689063268,0.8091073963142955,Very High
68.52078290845608,13.038745345818795,10.215893928317843,9741.273380172728,0.7061984938741737,High
65.81821583584768,13.551890297820677,8.478398681335525,11277.41375719847,0.6772677377590024,Medium
78.39207380669511,13.96756139044299,11.043519494582362,31992.52544485721,0.8179054750352992,Very High
64.36525047565793,14.404164405685309,10.742235725630099,6764.319946275032,0.7006392089302196,High
58.732309629091525,15.82909952586867,8.583441474651455,4032.090781871561,0.6314265283686805,Medium
57.54696661180877,13.729455970785537,7.279598886879645,4178.336475515892,0.596601686018419,Medium
74.84807961076511,11.776227036144373,10.549402264418942,16307.470445926147,0.7590858309693165,High
59.75656518002974,14.517721103608194,7.388119571248905,3978.474516054955,0.6257473514480536,Medium
84.03835345587491,18.0,10.120456979632422,33539.655255834645,0.8909549574137309,Very High
53.344564736930224,12.102098760852279,5.8742264148610275,3585.105914223399,0.5427534821321786,Low
83.5716509463203,9.576412085988075,9.576412085988075,17945.71541798587,0.7649992398331912,High
71.68813973762094,15.821242007860919,7.374933769601512,4444.4075096548095,0.6693623207372194,Medium
,12.138856508139206,10.605706999621596,6860.815063433537,0.7027910667567879,High
65.6406473055284,5.981991361957892,5.981991361957892,5626.980739905077,0.5447712663566829,Low
73.19308891481657,15.042265031451265,6.684211407575075,3220.5808718927733,0.655632222158896,Medium
69.69892238060122,10.894015442138231,8.915344625159278,13770.908314756003,0.6999816386837311,Medium
78.82641505613218,12.228400153087518,6.309130045258425,8401.49185867426,0.6926690292523495,Medium
70.91382118929631,13.495940991707045,9.447920567962111,38214.79871933837,0.8216670934109599,Very High
71.20241409169502,13.0714990393372,9.872136915486887,28341.532895165696,0.7925450378416485,High
67.09110230228916,14.628355451417118,7.162398342796618,5916.049647170054,0.6712671920461944,Medium
69.54443501023147,11.19354088829047,8.53065374516115,8257.198639002754,0.672974390525002,Medium
72.46241415113647,14.039317394528249,11.626725848761804,22942.309217097463,0.8168094096582775,Very High
56.318652858746994,11.72135996724825,5.999618286656734,6863.397780074289,0.5802182173573559,Medium
59.214516623154296,14.71643144266251,5.517380614193614,1883.6678404156628,0.5416601278199452,Low
75.94611275218172,14.34610245203916,11.336028633955705,8297.409353996862,0.7594819261110921,High
71.36692350502354,9.693683893866215,9.693683893866215,8603.424512068515,0.6792104796050312,Medium
68.52813330917857,15.757946348525097,8.228919504873199,9982.195063542942,0.6701200335848486,Medium
70.14747146452315,10.892109664657855,9.934891128855313,13291.525944459081,0.7152763559187724,High
72.78065364289337,14.924173394843436,10.745892310443525,20973.57464910669,0.7899072522134245,High
65.68192255752511,13.601861940204023,6.768104358095437,3507.3412285128343,0.6347079462757392,Medium
63.7735621967815,18.0,,2128.5903865426426,0.6106207306369553,Medium
71.56676204078146,11.829602052884443,10.434323214625877,17518.708428631955,0.7303042892720658,High
62.17301777907974,11.452049611645407,9.988283551552332,5732.372281196028,0.6361419249130322,Medium
73.26602204571577,12.441741182336802,9.636243935747425,5264.188735839626,0.6733611129933293,Medium
56.37933116609727,11.590460651497175,5.445798209678591,3395.0320370232903,0.5384791048215495,Low
78.23324509860515,14.89982570582615,12.36858107938178,29788.784456707876,0.8647561224431084,Very High
73.78077985930435,7.651068174690236,7.651068174690236,8519.122041379203,0.6524131362180469,Medium
72.048237874511,9.338952742560938,8.143081873184142,7481.977752881991,0.6400612899545636,Medium
77.8615278715641,9.29659123526242,9.29659123526242,12647.374298734392,0.7182527054217627,High
83.32379555570061,15.350922775920727,12.330096097756234,22793.555738225,0.8541444064851192,Very High
78.11496052014505,17.631840117745774,10.65475922724574,9736.07618887185,0.815931453264041,Very High
55.27300614934684,12.186652344387586,7.255058988464486,3020.890164662087,0.5530702517982277,Medium
59.763384266114386,11.993534830429969,7.866538907110885,6496.5605437248605,0.6198030021315682,Medium
65.00145137843457,12.710156489339544,7.865446168377347,7394.904026831464,0.6518053750919051,Medium
70.20872840168667,15.985634907824572,9.26225667998016,10560.876550074314,0.7486918449010057,High
74.14127216375299,9.717940597428278,5.102612543108903,4158.806342887186,0.6150315988147437,Medium
64.19404949477227,13.215106948204355,7.258374750767975,5345.000556375377,0.6247343100738934,Medium
71.49413411581662,15.42559288934729,8.941278996273166,4146.961579260209,0.6888094805304914,Medium
63.95693654117342,14.003282509819536,5.9483112595115495,5023.663945730269,0.6007788216105207,Medium
65.10785757606442,13.06874484979623,8.39242788584507,12515.480149424238,0.6748028875684586,Medium
,15.503138277701424,6.742898515546524,2372.38337797792,0.5731853297401628,Medium
62.61413403111277,4.3903031210022885,4.3903031210022885,2775.9262660916247,0.46187229675311503,Low
59.18652315506933,14.533625958592722,9.461912366430603,7468.059654546101,0.6522793462923525,Medium
62.19301397618134,10.537772950617729,6.764453323464517,8131.702671783033,0.6033141064162838,Medium
78.42913437286272,7.0081013094306295,7.0081013094306295,8177.08267517901,0.6289416367279695,Medium
62.40480888934446,14.033607798574941,7.377655718308746,4129.6196265875315,0.6074173021603156,Medium
85.0,16.620975635488875,9.522510785760565,8440.588907261326,0.8096129193271596,Very High
73.94654320704711,12.087654456116924,9.166122660887844,11779.963740423309,0.7040253126659268,High
71.47868898955899,15.358623641608816,7.440019575415692,17889.709029556838,0.7672783958900289,High
63.13313775855029,17.336834773965936,5.8800535286197455,5005.421602277067,0.6329617139514496,Medium
75.60247903527193,16.444743360752142,10.006364320083035,13577.132432734537,0.8053406693986485,Very High
65.39489739009781,17.419893588114178,8.791682063144453,8633.291637566672,0.6958742812237183,Medium
70.97607851716289,14.726382473215676,7.310655782569558,7564.37273824949,0.7042200480849942,High
85.0,12.726300916704778,11.543033146143898,18146.79469040422,0.8440480194542064,Very High
69.2315208022028,7.694102564308494,7.360415902516339,9923.244206272611,0.6284773673811732,Medium
,11.761812535610154,9.88305025029122,16992.538436721752,0.7589976417501444,High
64.3745885989929,9.970260214051425,8.955466650797831,7520.206241903563,0.6390158821126981,Medium
69.7200920760243,18.0,8.315992202067347,5687.6708504055805,0.6955258749011415,Medium
84.16640508508408,11.97234256270299,10.782079978421791,36511.091602917426,0.8437509024251997,Very High
64.98426353769786,12.869614420353457,7.023467158692385,7470.90717690715,0.6591934191516582,Medium
84.49958846397543,14.154456128121403,9.845250740534906,15299.919022084912,0.8282413844045067,Very High
,12.63080733911736,8.770652711716744,17031.3061475319,0.7535252942002285,High
65.50026579284585,17.585153121292258,6.740164375331143,4591.706188718722,0.6462020776281078,Medium
75.05926191244417,10.632051914796644,8.741950184819627,8110.068611756678,0.7007304318112846,High
77.78043559701383,13.083822365711729,7.010724823346039,7037.0540332756955,0.6989778775946,Medium
74.97447969773756,10.272588242905854,8.26020694301535,5062.33342984372,0.6202749435397963,Medium
57.43820224087635,8.539932466337882,6.465271028850656,4702.905067069673,0.5450434748579059,Low
64.18290259340105,10.664692727284145,7.317678682465056,2786.4118024314953,0.5689703291785483,Medium
68.01985091558797,12.388889608854765,7.800135941064388,4444.563288331205,0.6528365764871544,Medium
69.40453256719962,11.21209332644822,8.235897608273762,3573.6070409270956,0.6055313375161439,Medium
74.96537678040542,10.422737060378433,9.715007490777746,12350.333153899424,0.6749722313286611,Medium
71.42160800746603,8.281047608984498,8.281047608984498,8424.44836858074,0.649020132640587,Medium
59.31724513031919,12.250683282113915,6.1434215753659025,3510.5379128527893,0.5660739265772595,Medium
73.0415828080477,7.9858388779069935,6.960188653882008,5159.83836068328,0.5788756678975588,Medium
74.88468596227058,14.780167891068807,7.423095697107815,5653.094038477016,0.6823338354220803,Medium
74.47832358344832,12.74731925880351,8.206594448221407,12038.559345206777,0.7660761487836955,High
78.64624580443697,8.127345501605209,8.127345501605209,9364.965067272915,0.6702270156181075,Medium
76.67137723639124,11.57237276885041,8.045571169070762,12091.210871979869,0.7303964255313325,High
73.6734406338275,10.24353078322825,6.896637879684458,5582.175382272412,0.6269230683267931,Medium
69.43867430833082,13.457523531257541,7.6484596757884145,8080.758499501219,0.6506966687854512,Medium
56.71231253187207,16.521351338069433,,6984.483545466633,0.6288554725787185,Medium
73.43694575306068,6.874482591062766,6.874482591062766,9928.021961301487,0.6173567118106776,Medium
71.66150149730488,12.845078237442252,7.763245600014105,7086.744686901626,0.674337372793492,Medium
72.172630697563,12.019601613300079,8.041218950492409,9857.300810198689,0.6928207027120888,Medium
59.786011393437526,14.514020229351397,5.784273903941537,3508.0495263798075,0.5848826619417282,Medium
61.3515476767339,13.139589884713068,7.315026965645903,5189.891268740465,0.611381397914692,Medium
78.42522282666323,10.244092004783543,8.138383787913364,10173.301426390242,0.6849951433538104,Medium
69.68355876914676,11.542838193000145,9.221718772159411,8998.976109501607,0.6957319104594692,Medium
75.452005578981,10.111922429589534,6.375440931576553,8597.559854446961,0.6274578472172306,Medium
70.22654700904368,15.728021415795794,7.887741132406548,5403.918245176906,0.6574114535055499,Medium
70.23804911596596,12.563934946015827,8.88022690270353,6218.005463320497,0.6886116102622528,Medium
77.50627044780798,18.0,9.576504228220713,7953.039253367489,0.7900908909639075,High
65.87164217426101,12.318017558556138,11.944147556882065,6544.494093391756,0.6901638986603199,Medium
70.76896621552787,10.374779699268611,9.016975982715206,5981.292550398637,0.6365288779850766,Medium
66.30179769035966,7.958856822161518,6.450133827580144,5903.950514017399,0.5656437660703517,Medium
66.52403018054147,7.090580971232165,7.090580971232165,4304.573524121066,0.556741878756798,Medium
67.52662301225088,7.7475921709835305,5.438825261270427,6138.492656836917,0.5410019262718604,Low
71.7770701730697,13.30137995303445,8.492348796823224,9497.848952970566,0.6986787175436076,Medium
66.17001102669218,14.0261750696898,6.690817237701923,2599.362083349314,0.6080691987239242,Medium
80.04604900458817,7.7564278939035995,7.7564278939035995,15173.357577693745,0.713972575733265,High
62.843141582243966,15.185114942228346,,6943.596231212439,0.6421170142646615,Medium
68.50502684670913,11.050816844949681,8.045454347912226,5164.03823519654,0.64607451414814,Medium
66.4821515338066,12.940379035956648,7.024521421950187,7194.275302002228,0.6209362881438352,Medium
81.57582307482986,17.336661884766272,12.39737579675958,17677.359889840263,0.881704145783952,Very High
71.57243821209259,15.190517947596597,8.106828436274244,9117.85578949191,0.7086678949428689,High
78.25475631574908,11.694408056282503,11.694408056282503,11831.870959725116,0.777575397749869,High
58.11551701570423,9.826423323754138,8.195089685061907,2531.6879986099016,0.5349745320021586,Low
72.13640212695407,6.044553796012085,6.044553796012085,5647.748666552023,0.5849896260197582,Medium
77.1170463649875,10.34254004227274,9.807145284774778,13443.648846778891,0.723424344353626,High
70.6582719142034,11.866609283516917,9.069688577028785,8330.779312247943,0.6997755436789479,Medium
78.52384300052282,9.538461418546447,6.531352291044323,5693.294400825317,0.6383909753553105,Medium
65.86169239919703,12.106229098723086,7.485077996677508,5416.850140546684,0.6269455292689134,Medium
81.27477952148465,12.730555648876305,11.020710499354639,22288.266583353925,0.8190803240398504,Very High
85.0,11.825432054575764,10.12665422478884,19951.127193901004,0.7980111468940312,High
67.09729151648273,10.54999225752962,5.943890211772564,5701.448843905407,0.6010552080821981,Medium
66.43597982879382,13.005964015900183,7.893710903589054,5289.345263661897,0.6433007177589882,Medium
81.62707581694161,13.825821948708228,12.35140737241623,39595.91773491584,0.8837051838576945,Very High
82.6365771658457,9.228802767671462,9.228802767671462,10090.141803989607,0.7248191943323028,High
65.81711978277386,16.732797139238812,7.8050483598838145,8090.664653773856,0.7093245424862937,High
66.63850546323314,12.204235603147215,9.423794571175106,14070.924306684796,0.7187000340020097,High
67.74572312911594,12.556548868834543,7.579726244941835,8426.62065224405,0.6506136027802352,Medium
59.24439591172578,14.62464326976967,4.5535201291670155,2898.0522865862254,0.5684449891360965,Medium
62.650784428126414,13.199648393790504,6.131395149180838,3693.839942735077,0.571153511138698,Medium
61.96687386598346,15.359409901739735,9.780358016680312,11616.290177057886,0.7129056678053257,High
63.85761947916697,13.361372495605472,7.25192471475608,3206.3981557591856,0.6098657075151044,Medium
69.72252090090575,10.662687876078687,8.001626539046162,5437.6111291955385,0.6095107991027156,Medium
71.87371786029216,13.584510575618305,8.175088848822739,7647.919549636388,0.6991856233651149,Medium
82.40400394251262,9.068821378038015,9.068821378038015,25630.66762029063,0.7568766681590359,High
62.01316767408967,12.82567911732957,9.880518493933856,9086.195252520936,0.6594321020426005,Medium
77.87457918781267,12.400310028066617,12.400310028066617,14585.911387025995,0.8180884656255819,Very High
68.28808924619592,11.875649428182381,7.956002893943434,6639.559645253493,0.6445476329719757,Medium
69.60429032278054,12.114387465683208,8.795951571854307,7029.248577072285,0.6637508725071558,Medium
75.39855593733283,6.854452863507083,6.772862888348752,6297.802700550937,0.6066058656834278,Medium
61.018223827501615,10.853825276777116,9.537588498477604,10539.897016261244,0.6605925478575903,Medium
73.0592779694724,12.778534703423345,7.015444029434786,4564.163213871074,0.6500616041790792,Medium
71.33161766570444,12.979569175992202,,18574.048968841318,0.7599525858432081,High
73.9396101120652,9.416974577222126,7.226799421998557,11765.139918386058,0.6776221372213436,Medium
72.31334915126254,16.297123522594102,7.7943016580434605,13333.352514287626,0.7184816120957479,High
85.0,9.901475455356497,8.944106353425449,14135.436468343187,0.746074886115457,High
64.89808012598947,15.40837160158021,6.875956724105008,5257.129456292622,0.6392557075639612,Medium
65.75202435998546,13.781583085615054,7.0815588684747865,3357.8429876986097,0.6209635421090685,Medium
65.01487578860188,10.561318070468591,6.979381902244611,4617.632256239692,0.5558590587769421,Medium
65.55618304671796,17.825932677828536,9.116742833276616,9771.455260775108,0.7673615013443942,High
64.90090298154786,8.919089504730561,6.130814168191963,8384.025677233569,0.6013564794098563,Medium
79.51213224886041,15.257462520830003,9.87226801038405,10081.554689391573,0.7854068007502356,High
81.36403398391884,15.501746954128935,11.590622806528598,18900.665376652512,0.8661330035015999,Very High
65.43402965000419,10.488139372770066,7.082289011230409,5536.871170839331,0.6420473098490822,Medium
63.34115541516617,16.677395900192987,6.524060313698538,2846.767966162735,0.6254041942121358,Medium
73.77132445109123,11.749860456203141,8.506771996360571,12879.70987537824,0.7323259337705269,High
65.58221564575223,13.366080887839571,9.639453690031331,6500.345099061809,0.6760210332444604,Medium
75.06345454204408,13.280965516313662,9.298775991475326,11150.040843015267,0.7404796270128711,High
71.6233841668104,12.097073775588356,7.79798465810585,7001.315343667806,0.6650879277158644,Medium
57.874047080022144,14.932424819479346,7.670700626384717,3462.7957945327403,0.5812284636145232,Medium
82.38004161064049,14.880466161656638,8.232166768522223,13728.217779753979,0.7784618381210779,High
84.36702138476417,7.2544040802854575,7.2544040802854575,11808.768597884637,0.6611683983640348,Medium
65.09769047612491,16.413020728634457,8.42463381868764,6117.198681515411,0.6811602631628945,Medium
66.89838752051213,7.512524035892977,7.512524035892977,4971.264222818267,0.5550705948454935,Medium
72.28692312579923,15.597638613024973,7.416552077425062,9244.366379931958,0.7235331698406733,High
72.6756543198962,15.88011541048275,7.391057134962357,15948.684852697617,0.7523895619597527,High
75.26835418138265,9.227100709354406,9.227100709354406,12717.752954826754,0.7075637402506305,High
85.0,11.267557136136245,11.267557136136245,35903.16946041677,0.8411636280266053,Very High
68.58442218004761,9.182885994542193,7.274169041062521,3937.9417735595216,0.6370835205654074,Medium
63.613622043692374,11.855236909133794,8.32121470057031,7015.180077460823,0.6597765015985766,Medium
58.965446175883784,11.575897147442776,3.9453130132029504,1828.895426323392,0.4735233384918588,Low
64.15255968046465,14.838981596808019,6.821380565669958,2976.607478780178,0.6096248088015005,Medium
69.73498421700963,16.430926238358825,8.321609706734801,6259.729558898309,0.6961794679082263,Medium
84.3564629081423,16.68705143236987,8.758250423504325,25971.519522142968,0.8412131717135872,Very High
65.85910960771062,10.813495920265094,,8015.406285387329,0.6026741076952933,Medium
71.79030361311119,11.872334378766416,7.613167098870013,9052.435334031381,0.687938362232987,Medium
69.86861683141798,7.449685423337149,7.449685423337149,4020.3219392672427,0.5695638655404162,Medium
79.50714618758467,10.082389800511434,9.259864014900598,13236.76135849334,0.749947626286041,High
85.0,15.394554899292373,6.842653150012541,14003.715637495377,0.8030085221949862,Very High
65.75304981663743,17.346748470644695,4.709315749043892,4477.1136662613135,0.6574005049702294,Medium
66.08448445985422,8.796953384360233,7.019840368396744,2860.7468333333263,0.5431391442934281,Low
78.35328701655257,10.722607222541317,10.088924321066637,10843.737350609039,0.7457701520654269,High
75.45513191701049,12.42078272912322,4.933358565953407,6201.6952179736345,0.6566090913286898,Medium
84.77365860588827,13.34048347645882,9.423243768479146,22447.830989016526,0.8161457949741769,Very High
74.67142548260772,10.071189440235061,8.171199273136795,4163.393566308327,0.6279653280773441,Medium
67.12566327370352,13.77218313339227,10.137586260157093,9328.363530339095,0.7341250166545064,High
74.72523864553847,11.078481958787252,8.38949591989532,10989.037256185176,0.7088549178436226,High
78.86962864466327,12.456643187365163,10.038838914470984,22036.507269513557,0.8045086343513911,Very High
76.56385744957892,14.138852744011098,9.399548604080666,17147.876441772023,0.7692647535333895,High
74.05819224885838,12.519266809432814,5.691133350152204,8510.246780245227,0.6511805466512559,Medium
78.53339751671324,11.190842328420294,10.576318526953193,12183.129879712,0.7482233539060167,High
79.35436472356538,12.171170588222507,9.845618525012277,7243.186499871611,0.7309881022565481,High
,12.234911122383995,10.489275590907912,15653.67688252814,0.7747581446491645,High
75.18967910071714,11.389966910353618,11.389966910353618,24753.815820161744,0.789317711801468,High
68.66305535746517,11.723611811998692,5.113397233647937,8698.567277686012,0.6050916590313837,Medium
71.17370949146658,17.29594151151415,11.127890113617651,18040.085582031716,0.7904287898890776,High
79.65207173206686,14.182758343823716,9.12707732874749,16762.18604341988,0.801498298151789,Very High
63.46451463210211,11.613559045912519,8.046735112456767,7313.276774761526,0.6441459891457485,Medium
72.94938647098321,14.590863213532206,8.685658008566122,8089.94054978068,0.7156395746355451,High
66.85328950138111,11.49854153073197,7.386040240068668,6185.811610707392,0.618060940981394,Medium
70.22995858347853,16.019373912759924,7.572845637659285,14954.28259975392,0.7260718800441103,High
80.22761490085838,13.608926576594282,10.121576891462519,11502.479817815629,0.7747251921135471,High
71.52879254415923,12.178093567987313,6.307694560291589,12749.118387201757,0.6925547461421347,Medium
70.37149238524918,13.843150777430832,9.570447837512551,9150.97407822458,0.7330957819532811,High
59.12115087216065,7.787371543794502,,7083.729780458604,0.5435960290153672,Low
75.97002852821777,9.119697593270583,7.421299414825595,5373.689716229824,0.6205147536024258,Medium
75.1638734491286,8.918224980802833,8.344645526901711,13261.408070967962,0.6947077749406653,Medium
85.0,12.92882928429112,12.085723825293858,20295.419910776545,0.8364531591612221,Very High
67.537774120376,17.697544998455275,7.301530263920785,3754.2117709412983,0.6574500473174947,Medium
71.75320262131152,18.0,9.148064741871812,11268.3302034521,0.790359951909873,High
71.99506946968604,14.414153304322271,7.542973922789114,12271.53439733677,0.735981663928958,High
82.6196262381078,14.00253342483337,11.051237923458364,15130.898080258903,0.8232671938825984,Very High
69.23763574090438,7.096826797541783,7.096826797541783,3768.465110636906,0.5456512500447839,Low
72.23217220616272,10.871978600797934,10.871978600797934,13139.073407671847,0.7359100687368088,High
74.86317207773232,10.136648744275284,,10589.179546804193,0.7140116610904892,High
71.49287298525087,10.637457205246651,9.582126965366964,13580.114264287215,0.7066468277885076,High
66.42853108359577,11.995568544245632,8.118525039339909,10454.186799153418,0.6918688921105643,Medium
71.55271994318646,11.083728266908619,10.530134065976897,12306.253602379058,0.7436457404730346,High
78.58905399887817,6.562100568872637,6.562100568872637,19342.858705735478,0.6849369513199477,Medium
61.78787760471152,14.743730768352602,8.532053281881304,6912.018550456588,0.6630155539917116,Medium
71.06375739317501,9.28177092278058,8.235604943005978,7626.012921182219,0.6581603613559671,Medium
64.39903348048661,13.217740592333449,7.631601751995646,3216.5822390007133,0.6272572588491567,Medium
79.56037303139874,18.0,9.684873490440408,13767.721872745054,0.8314117941483313,Very High
57.8145047617298,9.74184622524073,7.316101166047592,3926.252105880163,0.5419996668279503,Low
65.5286252218273,4.90913743176101,4.90913743176101,6258.135286411944,0.5015340277412218,Low
,11.641987334359667,,12943.256861918311,0.7248368252251762,High
82.52419223387473,15.802878904995714,12.270080154408245,15831.106729627794,0.8351802047100191,Very High
69.47399791141609,18.0,,11160.318921138965,0.7632549442268513,High
65.55840378645442,8.811351216642748,8.811351216642748,10023.13602928379,0.6568799785039667,Medium
85.0,13.990097669709565,9.516690710964193,34156.7721178221,0.8207383595051153,Very High
58.415888796670046,11.10406862965984,5.676045413257919,5130.938940843227,0.5823104548716257,Medium
52.409552347039345,12.182154937087592,7.722097119001351,5213.649260610099,0.5787526643789346,Medium
73.52011560042666,18.0,10.13648406084589,13164.928370214571,0.7913166474543766,High
65.98356620517912,7.99108901481454,7.99108901481454,8049.222666631534,0.6199540304982488,Medium
61.8301374629543,13.26121898448372,6.513645556600671,7708.310351574698,0.6277248043892442,Medium
,13.9030795152963,8.735699206366858,6660.28786184063,0.7350204341148158,High
71.95040571016959,15.757358974818041,6.174822441432198,5793.337699095721,0.6954225091918804,Medium
65.48737095410617,12.793949460412687,7.26977785540143,4451.222323904913,0.6003002802560301,Medium
59.75756481063284,13.424151618512306,8.665763543145111,6917.6290798620175,0.6462706121483597,Medium
76.97965862624116,11.325054297734626,8.537815966306642,18995.314267926933,0.7435893644990058,High
75.20160942366928,13.307380823735322,9.98491282364155,10583.07796218809,0.7501973801067265,High
69.20659308976494,11.470423173507768,,3026.0016915973606,0.6004044892987743,Medium
84.77309596838133,14.364715669568152,10.6588570585381,18487.758687915542,0.8662081916064485,Very High
61.43932186939078,11.391168991869097,5.651181539603392,5829.226522125006,0.5980891476391522,Medium
57.795798632602086,13.63130118170656,7.063310010363102,5358.184092972596,0.587735508919853,Medium
64.46473544095005,12.412211558945065,3.2490642965629206,3779.0334741417046,0.5339991001729448,Low
69.63531186915601,15.878150752316504,8.075893187055744,7221.363988181674,0.6993601557930157,Medium
71.94671559458153,12.345818829234542,6.187896005777074,4001.564666182272,0.6319086177863238,Medium
68.07011153714936,7.180902595379356,7.180902595379356,8152.317971212048,0.6033658311777708,Medium
72.81644317211438,16.285764502141976,,8643.454725275053,0.7725937623178921,High
59.98768460647645,9.782803097412144,7.898528625726295,12809.282360084697,0.6343954291913737,Medium
81.55011683258607,10.538700984053541,10.538700984053541,23647.5005714644,0.8101024929556716,Very High
69.34279057285946,10.713016117869524,6.897760087505879,5303.468476477667,0.6265212027315732,Medium
78.93836665270501,16.623314279512453,12.09364879519794,16764.65175319286,0.8257414783683954,Very High
72.74180277102164,6.092977358063914,6.092977358063914,6544.8975948579955,0.5727858106355548,Medium
73.65402575323027,18.0,8.483650159559213,9162.806390505231,0.7770401057008847,High
74.55813824185763,15.668170427198156,10.650406809797332,22620.685660723953,0.8151567980487979,Very High
73.58166848013852,13.169716742387479,7.17035994899917,8896.268511688146,0.7041475344474827,High
75.14178207894035,12.33531799815114,7.780242607181332,7187.185866869036,0.6861040039362032,Medium
80.63322024105945,13.35666222457297,8.763101844067583,29613.04818716654,0.7947058142434795,High
71.57216935761176,14.063367285138014,,8534.646110446494,0.7006389633531164,High
75.6720300607081,14.43564675785017,7.495807143144592,12820.338629553751,0.7467473293543286,High
69.28211444570219,14.166813398010346,10.148478334127251,8520.801813569955,0.7097184650258548,High
81.52093772359578,12.768742043765746,9.394230926276744,18310.288591944536,0.788815656214646,High
64.58886158352584,11.907984739078021,8.27942084255842,7707.210407086348,0.6347564512537197,Medium
84.40752346328652,12.046180149039465,9.273375765973862,8196.377657680083,0.7683741393687518,High
69.67873639484526,11.915275158941958,5.630543416558655,12554.582438569008,0.6570215836856209,Medium
58.55379918305562,15.901310290601193,7.431541939553807,7888.340345686744,0.667968762715645,Medium
71.02483531928631,14.280670166842587,5.654597775184692,5065.99048620856,0.6711393769954318,Medium
64.55158674020095,4.0,4.0,2301.129971951742,0.4285321907523651,Low
76.7251483919098,14.467702329589283,7.154545248779959,10734.438125502553,0.7184326423511678,High
64.77900816558088,13.084208584156325,10.754394978715917,10290.728808558077,0.672179729879246,Medium
66.43053253428177,12.443873730662308,9.338707987375894,9900.049923650507,0.6659691375098953,Medium
54.88367415243575,11.334444640733343,6.7446715851995105,3958.7304616460806,0.5233289568058791,Low
66.38154944600738,15.87233815995804,,11349.855210716316,0.7528635552633322,High
50.60896538696835,15.342579386368573,4.803601880237599,4120.8765611356785,0.5390082487426393,Low
57.32877741211421,10.181366996529173,7.6946723574588445,5852.318767208393,0.5811227163849866,Medium
76.08331724915438,13.721156861373606,9.429713720476595,8416.316561137439,0.7046024772101552,High
76.28640126920666,9.585029796376142,9.550398274305305,22675.51377632665,0.7277883945728653,High
73.40366049427972,8.361145505633209,8.361145505633209,18893.32702059898,0.7060019825641258,High
62.264190854966294,10.619848326230105,8.570441056765658,22855.71527561565,0.6809420390358603,Medium
69.61830915086416,15.087180417148277,8.787282592341233,5729.749787142058,0.6904796660184924,Medium
69.97117968727545,15.35937513612826,5.91421040813061,6523.273203146209,0.6798736823025724,Medium
60.73308248645966,14.039256260291879,5.847900455455963,1761.0559619559433,0.5660864155327229,Medium
82.0271864141372,14.675287360543992,9.659198969302878,20977.945792730407,0.8220482139426644,Very High
77.01889832460537,14.048534861344875,9.382326360367621,10602.28441545123,0.7584038747956665,High
68.23228660936269,10.575555214331143,6.4925688061126365,12998.056213444179,0.6558112787528387,Medium
70.21508671195625,13.795767634021821,12.04332541880238,10995.664011423634,0.7908842598351651,High
71.66706246358042,14.901228575683046,10.87463857851001,6783.205590329239,0.7010735210096087,High
53.666121052605675,14.762873989440724,7.343112006901405,3164.0437203619385,0.5716995544560145,Medium
68.02258093983522,16.06674011442393,8.270765004705844,3538.0212460817597,0.6581609398738661,Medium
64.54412601601761,14.624911541603192,7.426981667070386,8072.770997338394,0.6758407090691118,Medium
61.98703992084067,13.554344622624749,6.010567100467527,1910.3341309312864,0.5397700417317535,Low
67.75119765691237,15.710450714949282,8.246364496607777,7772.799023993437,0.6996765998818041,Medium
84.38149221479618,12.42043622225282,10.512407875989666,9145.307105439431,0.7880945612374368,High
75.12674289013609,9.854376046316847,7.152568283593894,7706.626609148688,0.7048266959444467,High
65.43056808173762,12.010799108168708,8.35293279567586,13732.408538090805,0.6947426653395596,Medium
74.58066225084927,10.265292065580653,8.71679089686479,12519.018927219297,0.6938113620505049,Medium
